Region,Month of Period End,Median Sale Price,Median Sale Price MoM ,Median Sale Price YoY ,Homes Sold,Homes Sold MoM ,Homes Sold YoY ,New Listings,New Listings MoM ,New Listings YoY ,Inventory,Inventory MoM , Inventory YoY ,Days on Market,Days on Market MoM,Days on Market YoY,Average Sale To List,Average Sale To List MoM ,Average Sale To List YoY ,Property_type
"Seattle, WA metro area",February 2012,$149K,8.4%,-25.5%,335,1.8%,20.1%,552,18.2%,-18.1%,"1,848",-3.0%,-37.3%,96,18,5,96.5%,0.3%,0.4%,Condo
"Seattle, WA metro area",March 2012,$158K,5.7%,-22.0%,431,28.7%,8.6%,618,12.0%,-21.7%,"1,737",-6.0%,-41.5%,89,-7,-6,96.8%,0.3%,1.0%,Condo
"Seattle, WA metro area",April 2012,$175K,11.1%,-10.3%,501,16.2%,23.1%,639,3.4%,-9.2%,"1,705",-1.8%,-41.1%,76,-13,-13,97.1%,0.3%,0.8%,Condo
"Seattle, WA metro area",May 2012,$205K,17.1%,7.9%,535,6.8%,11.5%,594,-7.0%,-16.0%,"1,595",-6.5%,-45.2%,48,-28,-30,98.1%,1.0%,1.4%,Condo
"Seattle, WA metro area",June 2012,$190K,-7.3%,-2.6%,549,2.6%,10.0%,579,-2.5%,-18.9%,"1,484",-7.0%,-49.0%,45,-3,-32,97.6%,-0.5%,1.4%,Condo
"Seattle, WA metro area",July 2012,$180K,-5.3%,4.8%,523,-4.7%,34.8%,563,-2.8%,-3.6%,"1,415",-4.6%,-49.2%,50,5,-23,98.3%,0.7%,1.8%,Condo
"Seattle, WA metro area",August 2012,$173K,-3.8%,-2.0%,556,6.3%,17.3%,589,4.6%,-2.6%,"1,414",-0.1%,-48.0%,40,-10,-38,98.0%,-0.3%,1.9%,Condo
"Seattle, WA metro area",September 2012,$185K,6.8%,10.1%,477,-14.2%,21.4%,540,-8.3%,-4.6%,"1,404",-0.7%,-45.7%,27,-13,-50,98.5%,0.5%,2.7%,Condo
"Seattle, WA metro area",October 2012,$190K,2.7%,28.4%,510,6.9%,32.5%,464,-14.1%,-8.8%,"1,236",-12.0%,-48.7%,35,8,-50,98.6%,0.1%,2.8%,Condo
"Seattle, WA metro area",November 2012,$185K,-2.7%,2.7%,442,-13.3%,8.6%,403,-13.1%,-6.5%,"1,108",-10.4%,-50.1%,41,6,-37,98.2%,-0.4%,1.6%,Condo
"Seattle, WA metro area",December 2012,$170K,-8.0%,0.0%,487,10.2%,18.2%,291,-27.8%,-4.6%,"1,023",-7.7%,-47.3%,40,-1,-32,99.0%,0.9%,2.9%,Condo
"Seattle, WA metro area",January 2013,$161K,-5.4%,16.9%,400,-17.9%,21.6%,616,111.7%,31.9%,"1,047",2.3%,-45.0%,42,2,-36,98.6%,-0.4%,2.5%,Condo
"Seattle, WA metro area",February 2013,$200K,24.4%,34.2%,375,-6.3%,11.9%,581,-5.7%,5.3%,"1,062",1.4%,-42.5%,33,-9,-63,98.8%,0.2%,2.3%,Condo
"Seattle, WA metro area",March 2013,$196K,-2.0%,24.4%,577,53.9%,33.9%,648,11.5%,4.9%,"1,059",-0.3%,-39.0%,25,-8,-64,99.4%,0.6%,2.6%,Condo
"Seattle, WA metro area",April 2013,$208K,5.9%,18.6%,572,-0.9%,14.2%,679,4.8%,6.3%,"1,102",4.1%,-35.4%,15,-10,-61,100.5%,1.1%,3.4%,Condo
"Seattle, WA metro area",May 2013,$210K,1.2%,2.4%,599,4.7%,12.0%,791,16.5%,33.2%,"1,239",12.4%,-22.3%,17,2,-31,100.2%,-0.3%,2.1%,Condo
"Seattle, WA metro area",June 2013,$223K,6.2%,17.4%,594,-0.8%,8.2%,748,-5.4%,29.2%,"1,254",1.2%,-15.5%,17,0,-28,100.0%,-0.1%,2.4%,Condo
"Seattle, WA metro area",July 2013,$210K,-5.9%,16.6%,652,9.8%,24.7%,751,0.4%,33.4%,"1,325",5.7%,-6.4%,20,3,-30,100.0%,-0.1%,1.7%,Condo
"Seattle, WA metro area",August 2013,$225K,7.2%,29.9%,658,0.9%,18.3%,746,-0.7%,26.7%,"1,401",5.7%,-0.9%,18,-2,-22,100.1%,0.1%,2.1%,Condo
"Seattle, WA metro area",September 2013,$200K,-11.1%,8.1%,564,-14.3%,18.2%,682,-8.6%,26.3%,"1,418",1.2%,1.0%,19,1,-8,99.7%,-0.4%,1.1%,Condo
"Seattle, WA metro area",October 2013,$204K,2.0%,7.4%,581,3.0%,13.9%,642,-5.9%,38.4%,"1,360",-4.1%,10.0%,25,6,-10,99.2%,-0.5%,0.5%,Condo
"Seattle, WA metro area",November 2013,$210K,2.9%,13.6%,463,-20.3%,4.8%,436,-32.1%,8.2%,"1,263",-7.1%,14.0%,28,3,-13,99.1%,-0.1%,0.9%,Condo
"Seattle, WA metro area",December 2013,$200K,-4.8%,17.6%,473,2.2%,-2.9%,346,-20.6%,18.9%,"1,169",-7.4%,14.3%,34,6,-6,98.8%,-0.2%,-0.2%,Condo
"Seattle, WA metro area",January 2014,$185K,-7.5%,15.1%,362,-23.5%,-9.5%,593,71.4%,-3.7%,"1,160",-0.8%,10.8%,44,10,2,98.3%,-0.5%,-0.3%,Condo
"Seattle, WA metro area",February 2014,$232K,25.4%,16.0%,419,15.7%,11.7%,605,2.0%,4.1%,"1,145",-1.3%,7.8%,37,-7,4,99.4%,1.1%,0.6%,Condo
"Seattle, WA metro area",March 2014,$220K,-5.2%,12.2%,557,32.9%,-3.5%,712,17.7%,9.9%,"1,075",-6.1%,1.5%,21,-16,-4,99.3%,-0.1%,-0.1%,Condo
"Seattle, WA metro area",April 2014,$234K,6.3%,12.7%,640,14.9%,11.9%,779,9.4%,14.7%,"1,100",2.3%,-0.2%,19,-2,4,99.6%,0.3%,-0.8%,Condo
"Seattle, WA metro area",May 2014,$230K,-1.9%,9.3%,659,3.0%,10.0%,788,1.2%,-0.4%,"1,140",3.6%,-8.0%,15,-4,-2,99.4%,-0.2%,-0.7%,Condo
"Seattle, WA metro area",June 2014,$235K,2.4%,5.4%,641,-2.7%,7.9%,745,-5.5%,-0.4%,"1,200",5.3%,-4.3%,18,3,1,99.4%,0.0%,-0.6%,Condo
"Seattle, WA metro area",July 2014,$236K,0.5%,12.6%,620,-3.3%,-4.9%,775,4.0%,3.2%,"1,309",9.1%,-1.2%,18,0,-2,99.1%,-0.3%,-0.9%,Condo
"Seattle, WA metro area",August 2014,$229K,-3.1%,1.8%,601,-3.1%,-8.7%,694,-10.5%,-7.0%,"1,301",-0.6%,-7.1%,22,4,4,98.9%,-0.2%,-1.2%,Condo
"Seattle, WA metro area",September 2014,$241K,5.3%,20.6%,561,-6.7%,-0.5%,649,-6.5%,-4.8%,"1,255",-3.5%,-11.5%,23,1,4,98.8%,-0.1%,-0.8%,Condo
"Seattle, WA metro area",October 2014,$230K,-4.7%,12.7%,630,12.3%,8.4%,645,-0.6%,0.5%,"1,223",-2.5%,-10.1%,23,0,-2,98.8%,0.0%,-0.3%,Condo
"Seattle, WA metro area",November 2014,$220K,-4.3%,4.8%,446,-29.2%,-3.7%,401,-37.8%,-8.0%,"1,102",-9.9%,-12.7%,30,7,2,98.3%,-0.6%,-0.8%,Condo
"Seattle, WA metro area",December 2014,$230K,4.5%,15.0%,525,17.7%,11.0%,291,-27.4%,-15.9%,952,-13.6%,-18.6%,35,5,1,98.5%,0.3%,-0.3%,Condo
"Seattle, WA metro area",January 2015,$227K,-1.2%,22.8%,334,-36.4%,-7.7%,560,92.4%,-5.6%,947,-0.5%,-18.4%,43,8,-1,98.7%,0.1%,0.4%,Condo
"Seattle, WA metro area",February 2015,$245K,7.8%,5.6%,407,21.9%,-2.9%,593,5.9%,-2.0%,934,-1.4%,-18.4%,33,-10,-4,99.2%,0.5%,-0.2%,Condo
"Seattle, WA metro area",March 2015,$239K,-2.4%,8.7%,602,47.9%,8.1%,839,41.5%,17.8%,"1,007",7.8%,-6.3%,16,-17,-5,99.7%,0.5%,0.4%,Condo
"Seattle, WA metro area",April 2015,$263K,9.8%,12.2%,663,10.1%,3.6%,883,5.2%,13.4%,977,-3.0%,-11.2%,12,-4,-7,100.0%,0.3%,0.4%,Condo
"Seattle, WA metro area",May 2015,$259K,-1.3%,12.9%,677,2.1%,2.7%,900,1.9%,14.2%,"1,024",4.8%,-10.2%,11,-1,-4,100.3%,0.3%,0.8%,Condo
"Seattle, WA metro area",June 2015,$263K,1.4%,11.7%,785,16.0%,22.5%,873,-3.0%,17.2%,978,-4.5%,-18.5%,11,0,-7,100.6%,0.4%,1.2%,Condo
"Seattle, WA metro area",July 2015,$288K,9.7%,21.9%,904,15.2%,45.8%,798,-8.6%,3.0%,978,0.0%,-25.3%,12,1,-6,100.6%,0.0%,1.6%,Condo
"Seattle, WA metro area",August 2015,$290K,0.7%,26.6%,816,-9.7%,35.8%,753,-5.6%,8.5%,943,-3.6%,-27.5%,14,2,-8,100.3%,-0.3%,1.4%,Condo
"Seattle, WA metro area",September 2015,$265K,-8.6%,9.8%,725,-11.2%,29.2%,733,-2.7%,12.9%,940,-0.3%,-25.1%,13,-1,-10,100.4%,0.1%,1.5%,Condo
"Seattle, WA metro area",October 2015,$265K,0.0%,15.2%,644,-11.2%,2.2%,637,-13.1%,-1.2%,866,-7.9%,-29.2%,13,0,-10,100.1%,-0.2%,1.3%,Condo
"Seattle, WA metro area",November 2015,$265K,0.0%,20.5%,545,-15.4%,22.2%,400,-37.2%,-0.2%,674,-22.2%,-38.8%,16,3,-14,100.0%,-0.2%,1.7%,Condo
"Seattle, WA metro area",December 2015,$251K,-5.3%,9.1%,593,8.8%,13.0%,322,-19.5%,10.7%,505,-25.1%,-47.0%,17,1,-18,99.8%,-0.1%,1.3%,Condo
"Seattle, WA metro area",January 2016,$262K,4.2%,15.1%,384,-35.2%,15.0%,575,78.6%,2.7%,542,7.3%,-42.8%,19,2,-24,100.1%,0.3%,1.4%,Condo
"Seattle, WA metro area",February 2016,$290K,10.9%,18.4%,548,42.7%,34.6%,661,15.0%,11.5%,564,4.1%,-39.6%,8,-11,-25,101.2%,1.1%,2.0%,Condo
"Seattle, WA metro area",March 2016,$288K,-0.7%,20.5%,695,26.8%,15.4%,877,32.7%,4.5%,597,5.9%,-40.7%,8,0,-8,102.3%,1.1%,2.6%,Condo
"Seattle, WA metro area",April 2016,$293K,1.7%,11.6%,730,5.0%,10.1%,927,5.7%,5.0%,692,15.9%,-29.2%,7,-1,-5,103.2%,0.9%,3.2%,Condo
"Seattle, WA metro area",May 2016,$301K,2.8%,16.2%,743,1.8%,9.7%,907,-2.2%,0.8%,688,-0.6%,-32.8%,7,0,-4,102.9%,-0.3%,2.7%,Condo
"Seattle, WA metro area",June 2016,$315K,4.7%,20.0%,966,30.0%,23.1%,949,4.6%,8.7%,780,13.4%,-20.2%,8,1,-3,102.3%,-0.7%,1.6%,Condo
"Seattle, WA metro area",July 2016,$320K,1.6%,11.1%,893,-7.6%,-1.2%,892,-6.0%,11.8%,837,7.3%,-14.4%,9,1,-3,101.8%,-0.4%,1.2%,Condo
"Seattle, WA metro area",August 2016,$315K,-1.6%,8.6%,916,2.6%,12.3%,904,1.3%,20.1%,886,5.9%,-6.0%,9,0,-5,101.4%,-0.5%,1.1%,Condo
"Seattle, WA metro area",September 2016,$335K,6.3%,26.4%,873,-4.7%,20.4%,820,-9.3%,11.9%,887,0.1%,-5.6%,10,1,-3,101.0%,-0.4%,0.6%,Condo
"Seattle, WA metro area",October 2016,$299K,-10.7%,12.8%,769,-11.9%,19.4%,541,-34.0%,-15.1%,675,-23.9%,-22.1%,13,3,0,100.8%,-0.2%,0.7%,Condo
"Seattle, WA metro area",November 2016,$300K,0.3%,13.2%,663,-13.8%,21.7%,451,-16.6%,12.8%,530,-21.5%,-21.4%,14,1,-2,100.7%,-0.1%,0.7%,Condo
"Seattle, WA metro area",December 2016,$295K,-1.7%,17.6%,584,-11.9%,-1.5%,304,-32.6%,-5.6%,374,-29.4%,-25.9%,16,2,-1,100.5%,-0.2%,0.7%,Condo
"Seattle, WA metro area",January 2017,$295K,0.0%,12.8%,447,-23.5%,16.4%,559,83.9%,-2.8%,377,0.8%,-30.4%,17,1,-2,100.6%,0.1%,0.5%,Condo
"Seattle, WA metro area",February 2017,$308K,4.4%,6.2%,521,16.6%,-4.9%,546,-2.3%,-17.4%,368,-2.4%,-34.8%,8,-9,0,102.7%,2.0%,1.5%,Condo
"Seattle, WA metro area",March 2017,$310K,0.6%,7.6%,684,31.3%,-1.6%,865,58.4%,-1.4%,451,22.6%,-24.5%,7,-1,-1,104.0%,1.4%,1.8%,Condo
"Seattle, WA metro area",April 2017,$340K,9.7%,16.1%,634,-7.3%,-13.2%,824,-4.7%,-11.1%,452,0.2%,-34.7%,7,0,0,104.5%,0.4%,1.3%,Condo
"Seattle, WA metro area",May 2017,$335K,-1.5%,11.3%,863,36.1%,16.2%,957,16.1%,5.5%,510,12.8%,-25.9%,7,0,0,106.0%,1.5%,3.0%,Condo
"Seattle, WA metro area",June 2017,$353K,5.4%,12.1%,871,0.9%,-9.8%,966,0.9%,1.8%,576,12.9%,-26.2%,7,0,-1,105.2%,-0.8%,2.9%,Condo
"Seattle, WA metro area",July 2017,$350K,-0.8%,9.4%,786,-9.8%,-12.0%,965,-0.1%,8.2%,680,18.1%,-18.8%,7,0,-2,103.8%,-1.3%,2.0%,Condo
"Seattle, WA metro area",August 2017,$346K,-1.1%,9.8%,879,11.8%,-4.0%,866,-10.3%,-4.2%,639,-6.0%,-27.9%,7,0,-2,103.6%,-0.2%,2.2%,Condo
"Seattle, WA metro area",September 2017,$352K,1.7%,5.1%,795,-9.6%,-8.9%,849,-2.0%,3.5%,692,8.3%,-22.0%,8,1,-2,102.7%,-0.9%,1.7%,Condo
"Seattle, WA metro area",October 2017,$350K,-0.6%,17.1%,815,2.5%,6.0%,640,-24.6%,18.3%,556,-19.7%,-17.6%,8,0,-5,102.6%,-0.1%,1.7%,Condo
"Seattle, WA metro area",November 2017,$368K,5.1%,22.7%,638,-21.7%,-3.8%,509,-20.5%,12.9%,437,-21.4%,-17.5%,9,1,-5,101.8%,-0.7%,1.2%,Condo
"Seattle, WA metro area",December 2017,$369K,0.4%,25.2%,600,-6.0%,2.7%,283,-44.4%,-6.9%,277,-36.6%,-25.9%,11,2,-5,101.5%,-0.3%,1.0%,Condo
"Seattle, WA metro area",January 2018,$340K,-8.0%,15.3%,404,-32.7%,-9.6%,593,109.5%,6.1%,311,12.3%,-17.5%,9,-2,-8,102.4%,0.8%,1.7%,Condo
"Seattle, WA metro area",February 2018,$390K,14.7%,26.6%,525,30.0%,0.8%,637,7.4%,16.7%,315,1.3%,-14.4%,7,-2,-1,104.8%,2.4%,2.1%,Condo
"Seattle, WA metro area",March 2018,$405K,3.9%,30.7%,726,38.3%,6.1%,866,35.9%,0.1%,431,36.8%,-4.4%,7,0,0,104.2%,-0.6%,0.1%,Condo
"Seattle, WA metro area",April 2018,$405K,-0.1%,19.1%,705,-2.9%,11.2%,882,1.8%,7.0%,534,23.9%,18.1%,7,0,0,104.9%,0.7%,0.4%,Condo
"Seattle, WA metro area",May 2018,$410K,1.2%,22.4%,843,19.6%,-2.3%,"1,055",19.6%,10.2%,711,33.1%,39.4%,7,0,0,104.7%,-0.2%,-1.3%,Condo
"Seattle, WA metro area",June 2018,$395K,-3.7%,11.9%,794,-5.8%,-8.8%,962,-8.8%,-0.4%,836,17.6%,45.1%,7,0,0,102.5%,-2.2%,-2.7%,Condo
"Seattle, WA metro area",July 2018,$385K,-2.5%,10.0%,759,-4.4%,-3.4%,883,-8.2%,-8.5%,996,19.1%,46.5%,8,1,1,101.7%,-0.8%,-2.1%,Condo
"Seattle, WA metro area",August 2018,$375K,-2.6%,8.4%,686,-9.6%,-22.0%,900,1.9%,3.9%,"1,185",19.0%,85.4%,10,2,3,100.3%,-1.4%,-3.3%,Condo
"Seattle, WA metro area",September 2018,$375K,0.0%,6.5%,549,-20.0%,-30.9%,877,-2.6%,3.3%,"1,396",17.8%,101.7%,15,5,7,99.6%,-0.7%,-3.1%,Condo
"Seattle, WA metro area",October 2018,$370K,-1.3%,5.7%,607,10.6%,-25.5%,686,-21.8%,7.2%,"1,373",-1.6%,146.9%,21,6,13,99.0%,-0.6%,-3.6%,Condo
"Seattle, WA metro area",November 2018,$370K,0.0%,0.5%,468,-22.9%,-26.6%,495,-27.8%,-2.8%,"1,217",-11.4%,178.5%,27,6,18,98.8%,-0.2%,-3.1%,Condo
"Seattle, WA metro area",December 2018,$360K,-2.7%,-2.6%,450,-3.8%,-25.0%,234,-52.7%,-17.3%,914,-24.9%,230.0%,36,9,25,98.4%,-0.4%,-3.1%,Condo
"Seattle, WA metro area",January 2019,$332K,-7.8%,-2.4%,375,-16.7%,-7.2%,563,140.6%,-5.1%,921,0.8%,196.1%,51,15,42,98.2%,-0.3%,-4.2%,Condo
"Seattle, WA metro area",February 2019,$367K,10.4%,-6.0%,474,26.4%,-9.7%,521,-7.5%,-18.2%,949,3.0%,201.3%,38,-13,31,98.9%,0.8%,-5.8%,Condo
"Seattle, WA metro area",March 2019,$393K,7.2%,-3.0%,542,14.3%,-25.3%,851,63.3%,-1.7%,"1,041",9.7%,141.5%,24,-14,17,99.4%,0.4%,-4.8%,Condo
"Seattle, WA metro area",April 2019,$388K,-1.3%,-4.2%,669,23.4%,-5.1%,899,5.6%,1.9%,"1,086",4.3%,103.4%,15,-9,8,99.6%,0.2%,-5.2%,Condo
"Seattle, WA metro area",May 2019,$393K,1.2%,-4.3%,776,16.0%,-7.9%,976,8.6%,-7.5%,"1,283",18.1%,80.5%,12,-3,5,99.9%,0.3%,-4.8%,Condo
"Seattle, WA metro area",June 2019,$388K,-1.1%,-1.8%,645,-16.9%,-18.8%,844,-13.5%,-12.3%,"1,324",3.2%,58.4%,15,3,8,99.7%,-0.2%,-2.8%,Condo
"Seattle, WA metro area",July 2019,$365K,-5.9%,-5.2%,730,13.2%,-3.8%,789,-6.5%,-10.6%,"1,287",-2.8%,29.2%,16,1,8,99.4%,-0.3%,-2.3%,Condo
"Seattle, WA metro area",August 2019,$369K,1.2%,-1.5%,670,-8.2%,-2.3%,702,-11.0%,-22.0%,"1,257",-2.3%,6.1%,19,3,9,99.4%,0.0%,-0.9%,Condo
"Seattle, WA metro area",September 2019,$360K,-2.6%,-4.0%,575,-14.2%,4.7%,683,-2.7%,-22.1%,"1,256",-0.1%,-10.0%,24,5,9,99.2%,-0.2%,-0.4%,Condo
"Seattle, WA metro area",October 2019,$350K,-2.8%,-5.4%,555,-3.5%,-8.6%,644,-5.7%,-6.1%,"1,179",-6.1%,-14.1%,21,-3,0,99.0%,-0.2%,0.0%,Condo
"Seattle, WA metro area",November 2019,$388K,10.9%,4.9%,537,-3.2%,14.7%,377,-41.5%,-23.8%,892,-24.3%,-26.7%,23,2,-4,99.2%,0.2%,0.4%,Condo
"Seattle, WA metro area",December 2019,$370K,-4.6%,2.8%,581,8.2%,29.1%,235,-37.7%,0.4%,650,-27.1%,-28.9%,33,10,-3,98.9%,-0.4%,0.4%,Condo
"Seattle, WA metro area",January 2020,$385K,3.9%,15.8%,389,-33.0%,3.7%,538,128.9%,-4.4%,585,-10.0%,-36.5%,53,20,2,98.6%,-0.2%,0.5%,Condo
"Seattle, WA metro area",February 2020,$425K,10.5%,16.0%,600,54.2%,26.6%,731,35.9%,40.3%,588,0.5%,-38.0%,20,-33,-18,100.2%,1.6%,1.3%,Condo
"Seattle, WA metro area",March 2020,$430K,1.2%,9.4%,731,21.8%,34.9%,873,19.4%,2.6%,762,29.6%,-26.8%,8,-12,-16,100.8%,0.6%,1.4%,Condo
"Seattle, WA metro area",April 2020,$400K,-7.0%,3.1%,477,-34.7%,-28.7%,571,-34.6%,-36.5%,849,11.4%,-21.8%,6,-2,-9,100.7%,-0.1%,1.1%,Condo
"Seattle, WA metro area",May 2020,$400K,0.0%,1.9%,414,-13.2%,-46.6%,768,34.5%,-21.3%,978,15.2%,-23.8%,12,6,0,99.5%,-1.2%,-0.4%,Condo
"Seattle, WA metro area",June 2020,$398K,-0.4%,2.6%,566,36.7%,-12.2%,878,14.3%,4.0%,"1,068",9.2%,-19.3%,11,-1,-4,99.9%,0.5%,0.3%,Condo
"Seattle, WA metro area",July 2020,$409K,2.6%,12.0%,720,27.2%,-1.4%,"1,038",18.2%,31.6%,"1,243",16.4%,-3.4%,12,1,-4,100.1%,0.1%,0.7%,Condo
"Seattle, WA metro area",August 2020,$400K,-2.3%,8.1%,747,3.8%,11.5%,"1,047",0.9%,49.1%,"1,405",13.0%,11.8%,11,-1,-8,100.0%,-0.1%,0.6%,Condo
"Seattle, WA metro area",September 2020,$410K,2.6%,13.9%,761,1.9%,32.3%,"1,056",0.9%,54.6%,"1,511",7.5%,20.3%,12,1,-12,99.7%,-0.2%,0.6%,Condo
"Seattle, WA metro area",October 2020,$405K,-1.2%,15.7%,809,6.3%,45.8%,938,-11.2%,45.7%,"1,522",0.7%,29.1%,13,1,-8,99.9%,0.2%,1.0%,Condo
"Seattle, WA metro area",November 2020,$390K,-3.8%,0.4%,652,-19.4%,21.4%,531,-43.4%,40.8%,"1,211",-20.4%,35.8%,17,4,-6,99.8%,-0.2%,0.6%,Condo
"Seattle, WA metro area",December 2020,$365K,-6.3%,-1.4%,658,0.9%,13.3%,359,-32.4%,52.8%,853,-29.6%,31.2%,23,6,-10,99.8%,0.0%,0.9%,Condo
"Seattle, WA metro area",January 2021,$370K,1.4%,-3.8%,508,-22.8%,30.6%,642,78.8%,19.3%,766,-10.2%,30.9%,35,12,-18,99.6%,-0.2%,0.9%,Condo
"Seattle, WA metro area",February 2021,$400K,8.1%,-5.9%,586,15.4%,-2.3%,699,8.9%,-4.4%,779,1.7%,32.5%,21,-14,1,100.6%,1.0%,0.4%,Condo
"Seattle, WA metro area",March 2021,$417K,4.3%,-3.0%,763,30.2%,4.4%,920,31.6%,5.4%,762,-2.2%,0.0%,8,-13,0,101.6%,1.0%,0.8%,Condo
"Seattle, WA metro area",April 2021,$425K,1.9%,6.3%,825,8.1%,73.0%,987,7.3%,72.9%,815,7.0%,-4.0%,7,-1,1,102.0%,0.4%,1.3%,Condo
"Seattle, WA metro area",May 2021,$435K,2.4%,8.7%,844,2.3%,103.9%,904,-8.4%,17.7%,769,-5.6%,-21.4%,6,-1,-6,102.8%,0.8%,3.3%,Condo
"Seattle, WA metro area",June 2021,$439K,0.8%,10.1%,942,11.6%,66.4%,971,7.4%,10.6%,803,4.4%,-24.8%,6,0,-5,102.9%,0.1%,3.0%,Condo
"Seattle, WA metro area",July 2021,$430K,-1.9%,5.2%,852,-9.6%,18.3%,988,1.8%,-4.8%,886,10.3%,-28.7%,7,1,-5,102.1%,-0.8%,2.1%,Condo
"Seattle, WA metro area",August 2021,$435K,1.2%,8.9%,887,4.1%,18.7%,832,-15.8%,-20.5%,777,-12.3%,-44.7%,8,1,-3,101.8%,-0.4%,1.8%,Condo
"Seattle, WA metro area",September 2021,$440K,1.1%,7.3%,861,-2.9%,13.1%,858,3.1%,-18.8%,758,-2.4%,-49.8%,8,0,-4,101.3%,-0.4%,1.6%,Condo
"Seattle, WA metro area",October 2021,$440K,0.0%,8.6%,741,-13.9%,-8.4%,690,-19.6%,-26.4%,647,-14.6%,-57.5%,8,0,-5,101.4%,0.1%,1.5%,Condo
"Seattle, WA metro area",November 2021,$428K,-2.7%,9.9%,695,-6.2%,6.6%,453,-34.3%,-14.7%,445,-31.2%,-63.3%,7,-1,-10,101.3%,-0.1%,1.6%,Condo
"Seattle, WA metro area",December 2021,$440K,2.8%,20.5%,625,-10.1%,-5.0%,328,-27.6%,-8.6%,307,-31.0%,-64.0%,9,2,-14,101.7%,0.3%,1.9%,Condo
"Seattle, WA metro area",January 2022,$425K,-3.4%,14.9%,409,-34.6%,-19.5%,543,65.5%,-15.4%,260,-15.3%,-66.1%,9,0,-26,102.5%,0.8%,2.9%,Condo
"Seattle, WA metro area",February 2022,$486K,14.2%,21.4%,589,44.0%,0.5%,721,32.8%,3.1%,328,26.2%,-57.9%,5,-4,-16,104.6%,2.1%,4.0%,Condo
"Seattle, WA metro area",March 2022,$495K,2.0%,18.7%,792,34.5%,3.8%,949,31.6%,3.2%,414,26.2%,-45.7%,5,0,-3,106.8%,2.2%,5.3%,Condo
"Seattle, WA metro area",April 2022,$480K,-3.1%,12.8%,760,-4.0%,-7.9%,889,-6.3%,-9.9%,501,21.0%,-38.5%,5,0,-2,107.0%,0.2%,5.1%,Condo
"Seattle, WA metro area",May 2022,$510K,6.4%,17.2%,794,4.5%,-5.9%,908,2.1%,0.4%,613,22.4%,-20.3%,6,1,0,105.2%,-1.8%,2.5%,Condo
"Seattle, WA metro area",June 2022,$460K,-9.8%,4.9%,694,-12.6%,-26.3%,986,8.6%,1.5%,908,48.1%,13.1%,6,0,0,103.0%,-2.2%,0.1%,Condo
"Seattle, WA metro area",July 2022,$460K,0.0%,7.0%,574,-17.3%,-32.6%,853,-13.5%,-13.7%,"1,046",15.2%,18.1%,7,1,0,100.5%,-2.6%,-1.7%,Condo
"Seattle, WA metro area",August 2022,$450K,-2.2%,3.4%,623,8.5%,-29.8%,688,-19.3%,-17.3%,966,-7.6%,24.3%,14,7,6,99.3%,-1.1%,-2.4%,Condo
"Seattle, WA metro area",September 2022,$470K,4.4%,6.8%,579,-7.1%,-32.8%,638,-7.3%,-25.6%,"1,005",4.0%,32.6%,18,4,10,99.1%,-0.2%,-2.2%,Condo
"Seattle, WA metro area",October 2022,$450K,-4.3%,2.3%,471,-18.7%,-36.4%,520,-18.5%,-24.6%,"1,029",2.4%,59.0%,20,2,12,98.7%,-0.4%,-2.8%,Condo
"Seattle, WA metro area",November 2022,$440K,-2.2%,2.8%,377,-20.0%,-45.8%,330,-36.5%,-27.2%,842,-18.2%,89.2%,19,-1,12,98.4%,-0.3%,-3.0%,Condo
"Seattle, WA metro area",December 2022,$433K,-1.6%,-1.6%,340,-9.8%,-45.6%,167,-49.4%,-49.1%,609,-27.7%,98.4%,35,16,26,98.3%,-0.1%,-3.4%,Condo
"Seattle, WA metro area",January 2023,$425K,-1.9%,0.0%,247,-27.4%,-39.6%,351,110.2%,-35.4%,524,-14.0%,101.5%,50,15,41,97.8%,-0.5%,-4.7%,Condo
"Seattle, WA metro area",February 2023,$445K,4.7%,-8.3%,386,56.3%,-34.5%,424,20.8%,-41.2%,497,-5.2%,51.5%,29,-21,24,98.9%,1.1%,-5.7%,Condo
"Seattle, WA metro area",February 2012,$210K,-7.5%,-21.6%,185,27.6%,25.9%,311,35.2%,11.9%,819,0.4%,-25.8%,75,3,-25,97.8%,0.0%,1.4%,Townhouse
"Seattle, WA metro area",March 2012,$224K,6.7%,-11.0%,245,32.4%,-0.4%,297,-4.5%,-12.4%,755,-7.8%,-33.4%,65,-10,-40,97.8%,-0.1%,1.4%,Townhouse
"Seattle, WA metro area",April 2012,$226K,0.9%,-9.6%,272,11.0%,43.2%,298,0.3%,-14.6%,680,-9.9%,-39.1%,51,-14,-19,98.5%,0.7%,1.0%,Townhouse
"Seattle, WA metro area",May 2012,$235K,4.0%,0.0%,281,3.3%,31.9%,293,-1.7%,-12.8%,661,-2.8%,-41.6%,48,-3,-11,98.9%,0.4%,1.8%,Townhouse
"Seattle, WA metro area",June 2012,$245K,4.2%,0.1%,287,2.1%,27.0%,267,-8.9%,-21.0%,596,-9.8%,-48.2%,46,-2,-12,99.0%,0.1%,0.8%,Townhouse
"Seattle, WA metro area",July 2012,$235K,-4.0%,6.8%,255,-11.1%,26.9%,318,19.1%,10.4%,603,1.2%,-45.9%,35,-11,-14,99.5%,0.5%,1.5%,Townhouse
"Seattle, WA metro area",August 2012,$233K,-0.9%,1.0%,287,12.5%,9.1%,276,-13.2%,0.4%,589,-2.3%,-44.8%,35,0,-22,99.1%,-0.4%,1.2%,Townhouse
"Seattle, WA metro area",September 2012,$269K,15.5%,20.1%,211,-26.5%,3.4%,287,4.0%,2.9%,596,1.2%,-44.6%,21,-14,-41,100.2%,1.1%,3.2%,Townhouse
"Seattle, WA metro area",October 2012,$257K,-4.6%,17.1%,258,22.3%,44.9%,231,-19.5%,-8.0%,489,-18.0%,-52.2%,36,15,-18,99.7%,-0.5%,1.7%,Townhouse
"Seattle, WA metro area",November 2012,$263K,2.3%,21.1%,234,-9.3%,33.7%,165,-28.6%,-21.1%,418,-14.5%,-56.3%,34,-2,-29,99.3%,-0.4%,1.9%,Townhouse
"Seattle, WA metro area",December 2012,$250K,-4.9%,19.1%,243,3.8%,11.5%,126,-23.6%,-26.3%,377,-9.8%,-57.3%,39,5,-34,99.8%,0.5%,1.6%,Townhouse
"Seattle, WA metro area",January 2013,$250K,-0.2%,9.9%,186,-23.5%,28.3%,270,114.3%,17.4%,355,-5.8%,-56.5%,44,5,-28,99.8%,0.0%,1.9%,Townhouse
"Seattle, WA metro area",February 2013,$279K,12.0%,33.1%,204,9.7%,10.3%,341,26.3%,9.6%,407,14.6%,-50.3%,30,-14,-45,99.8%,-0.1%,1.9%,Townhouse
"Seattle, WA metro area",March 2013,$291K,4.2%,30.0%,270,32.4%,10.2%,387,13.5%,30.3%,405,-0.5%,-46.4%,15,-15,-50,100.5%,0.8%,2.8%,Townhouse
"Seattle, WA metro area",April 2013,$276K,-5.2%,22.1%,319,18.1%,17.3%,385,-0.5%,29.2%,437,7.9%,-35.7%,12,-3,-39,100.9%,0.3%,2.4%,Townhouse
"Seattle, WA metro area",May 2013,$310K,12.3%,31.9%,363,13.8%,29.2%,407,5.7%,38.9%,506,15.8%,-23.4%,11,-1,-37,101.1%,0.2%,2.2%,Townhouse
"Seattle, WA metro area",June 2013,$300K,-3.2%,22.5%,333,-8.3%,16.0%,406,-0.2%,52.1%,534,5.5%,-10.4%,11,0,-35,101.2%,0.1%,2.1%,Townhouse
"Seattle, WA metro area",July 2013,$305K,1.7%,29.8%,379,13.8%,48.6%,441,8.6%,38.7%,608,13.9%,0.8%,10,-1,-25,101.0%,-0.1%,1.5%,Townhouse
"Seattle, WA metro area",August 2013,$313K,2.8%,34.6%,370,-2.4%,28.9%,432,-2.0%,56.5%,684,12.5%,16.1%,12,2,-23,100.3%,-0.8%,1.2%,Townhouse
"Seattle, WA metro area",September 2013,$315K,0.4%,17.0%,308,-16.8%,46.0%,413,-4.4%,43.9%,702,2.6%,17.8%,18,6,-3,100.2%,-0.1%,0.0%,Townhouse
"Seattle, WA metro area",October 2013,$327K,3.9%,27.3%,363,17.9%,40.7%,330,-20.1%,42.9%,641,-8.7%,31.1%,18,0,-18,99.9%,-0.3%,0.2%,Townhouse
"Seattle, WA metro area",November 2013,$322K,-1.4%,22.7%,294,-19.0%,25.6%,225,-31.8%,36.4%,548,-14.5%,31.1%,25,7,-9,99.2%,-0.7%,-0.1%,Townhouse
"Seattle, WA metro area",December 2013,$335K,3.9%,34.0%,272,-7.5%,11.9%,159,-29.3%,26.2%,472,-13.9%,25.2%,29,4,-10,99.3%,0.1%,-0.5%,Townhouse
"Seattle, WA metro area",January 2014,$300K,-10.4%,20.2%,205,-24.6%,10.2%,328,106.3%,21.5%,482,2.1%,35.8%,32,3,-12,99.4%,0.2%,-0.4%,Townhouse
"Seattle, WA metro area",February 2014,$320K,6.7%,14.5%,236,15.1%,15.7%,328,0.0%,-3.8%,493,2.3%,21.1%,21,-11,-9,99.6%,0.1%,-0.2%,Townhouse
"Seattle, WA metro area",March 2014,$324K,1.2%,11.2%,328,39.0%,21.5%,401,22.3%,3.6%,528,7.1%,30.4%,16,-5,1,100.0%,0.4%,-0.6%,Townhouse
"Seattle, WA metro area",April 2014,$343K,5.9%,24.3%,346,5.5%,8.5%,386,-3.7%,0.3%,475,-10.0%,8.7%,11,-5,-1,100.5%,0.5%,-0.4%,Townhouse
"Seattle, WA metro area",May 2014,$321K,-6.4%,3.5%,354,2.3%,-2.5%,496,28.5%,21.9%,531,11.8%,4.9%,10,-1,-1,100.8%,0.3%,-0.3%,Townhouse
"Seattle, WA metro area",June 2014,$328K,2.0%,9.2%,389,9.9%,16.8%,422,-14.9%,3.9%,552,4.0%,3.4%,12,2,1,100.6%,-0.2%,-0.6%,Townhouse
"Seattle, WA metro area",July 2014,$324K,-1.0%,6.3%,378,-2.8%,-0.3%,397,-5.9%,-10.0%,621,12.5%,2.1%,15,3,5,100.1%,-0.5%,-0.9%,Townhouse
"Seattle, WA metro area",August 2014,$320K,-1.3%,2.1%,340,-10.1%,-8.1%,383,-3.5%,-11.3%,624,0.5%,-8.8%,20,5,8,99.9%,-0.3%,-0.4%,Townhouse
"Seattle, WA metro area",September 2014,$350K,9.4%,11.2%,311,-8.5%,1.0%,356,-7.0%,-13.8%,627,0.5%,-10.7%,19,-1,1,99.5%,-0.4%,-0.7%,Townhouse
"Seattle, WA metro area",October 2014,$331K,-5.6%,1.1%,348,11.9%,-4.1%,313,-12.1%,-5.2%,584,-6.9%,-8.9%,22,3,4,99.5%,0.0%,-0.4%,Townhouse
"Seattle, WA metro area",November 2014,$350K,5.9%,8.5%,278,-20.1%,-5.4%,235,-24.9%,4.4%,489,-16.3%,-10.8%,28,6,3,99.1%,-0.4%,-0.1%,Townhouse
"Seattle, WA metro area",December 2014,$347K,-0.8%,3.7%,308,10.8%,13.2%,213,-9.4%,34.0%,436,-10.8%,-7.6%,31,3,2,99.3%,0.2%,0.0%,Townhouse
"Seattle, WA metro area",January 2015,$327K,-5.8%,9.1%,208,-32.5%,1.5%,333,56.3%,1.5%,413,-5.3%,-14.3%,28,-3,-4,99.7%,0.4%,0.3%,Townhouse
"Seattle, WA metro area",February 2015,$340K,4.0%,6.4%,274,31.7%,16.1%,380,14.1%,15.9%,416,0.7%,-15.6%,19,-9,-2,100.2%,0.5%,0.6%,Townhouse
"Seattle, WA metro area",March 2015,$360K,5.7%,11.2%,367,33.9%,11.9%,502,32.1%,25.2%,422,1.4%,-20.1%,10,-9,-6,100.7%,0.5%,0.7%,Townhouse
"Seattle, WA metro area",April 2015,$352K,-2.3%,2.5%,410,11.7%,18.5%,485,-3.4%,25.6%,421,-0.2%,-11.4%,10,0,-1,101.2%,0.5%,0.7%,Townhouse
"Seattle, WA metro area",May 2015,$369K,5.1%,15.1%,474,15.6%,33.9%,491,1.2%,-1.0%,429,1.9%,-19.2%,8,-2,-2,101.4%,0.3%,0.7%,Townhouse
"Seattle, WA metro area",June 2015,$369K,-0.1%,12.7%,471,-0.6%,21.1%,510,3.9%,20.9%,478,11.4%,-13.4%,10,2,-2,101.4%,0.0%,0.8%,Townhouse
"Seattle, WA metro area",July 2015,$353K,-4.2%,9.0%,486,3.2%,28.6%,533,4.5%,34.3%,493,3.1%,-20.6%,11,1,-4,101.4%,0.0%,1.3%,Townhouse
"Seattle, WA metro area",August 2015,$362K,2.5%,13.2%,453,-6.8%,33.2%,452,-15.2%,18.0%,476,-3.4%,-23.7%,12,1,-8,101.3%,-0.1%,1.5%,Townhouse
"Seattle, WA metro area",September 2015,$369K,2.0%,5.6%,442,-2.4%,42.1%,373,-17.5%,4.8%,426,-10.5%,-32.1%,11,-1,-8,100.9%,-0.4%,1.4%,Townhouse
"Seattle, WA metro area",October 2015,$375K,1.4%,13.3%,400,-9.5%,14.9%,372,-0.3%,18.8%,417,-2.1%,-28.6%,12,1,-10,100.5%,-0.3%,1.0%,Townhouse
"Seattle, WA metro area",November 2015,$347K,-7.4%,-0.9%,307,-23.3%,10.4%,222,-40.3%,-5.5%,307,-26.4%,-37.2%,14,2,-14,100.4%,-0.2%,1.3%,Townhouse
"Seattle, WA metro area",December 2015,$365K,5.2%,5.1%,355,15.6%,15.3%,176,-20.7%,-17.4%,239,-22.1%,-45.2%,18,4,-13,100.4%,0.0%,1.1%,Townhouse
"Seattle, WA metro area",January 2016,$363K,-0.5%,11.0%,226,-36.3%,8.7%,318,80.7%,-4.5%,257,7.5%,-37.8%,18,0,-10,100.3%,-0.1%,0.6%,Townhouse
"Seattle, WA metro area",February 2016,$398K,9.7%,17.0%,290,28.3%,5.8%,383,20.4%,0.8%,241,-6.2%,-42.1%,10,-8,-9,101.8%,1.5%,1.6%,Townhouse
"Seattle, WA metro area",March 2016,$378K,-5.1%,5.0%,405,39.7%,10.4%,495,29.2%,-1.4%,269,11.6%,-36.3%,7,-3,-3,101.9%,0.1%,1.2%,Townhouse
"Seattle, WA metro area",April 2016,$404K,6.8%,14.9%,414,2.2%,1.0%,529,6.9%,9.1%,324,20.4%,-23.0%,7,0,-3,102.9%,1.0%,1.7%,Townhouse
"Seattle, WA metro area",May 2016,$398K,-1.5%,7.7%,480,15.9%,1.3%,543,2.6%,10.6%,324,0.0%,-24.5%,7,0,-1,102.9%,0.0%,1.4%,Townhouse
"Seattle, WA metro area",June 2016,$404K,1.5%,9.5%,507,5.6%,7.6%,576,6.1%,12.9%,403,24.4%,-15.7%,7,0,-3,102.6%,-0.3%,1.2%,Townhouse
"Seattle, WA metro area",July 2016,$405K,0.2%,14.5%,423,-16.6%,-13.0%,578,0.3%,8.4%,458,13.6%,-7.1%,7,0,-4,102.6%,0.0%,1.2%,Townhouse
"Seattle, WA metro area",August 2016,$416K,2.8%,14.9%,530,25.3%,17.0%,493,-14.7%,9.1%,448,-2.2%,-5.9%,8,1,-4,101.7%,-0.9%,0.4%,Townhouse
"Seattle, WA metro area",September 2016,$432K,3.9%,17.0%,448,-15.5%,1.4%,509,3.2%,36.5%,494,10.3%,16.0%,9,1,-2,101.4%,-0.3%,0.5%,Townhouse
"Seattle, WA metro area",October 2016,$405K,-6.3%,8.1%,425,-5.1%,6.3%,354,-30.5%,-4.8%,431,-12.8%,3.4%,12,3,0,100.8%,-0.7%,0.2%,Townhouse
"Seattle, WA metro area",November 2016,$432K,6.8%,24.6%,390,-8.2%,27.0%,278,-21.5%,25.2%,347,-19.5%,13.0%,16,4,2,100.8%,0.0%,0.4%,Townhouse
"Seattle, WA metro area",December 2016,$465K,7.5%,27.4%,380,-2.6%,7.0%,206,-25.9%,17.0%,224,-35.4%,-6.3%,15,-1,-3,100.6%,-0.2%,0.2%,Townhouse
"Seattle, WA metro area",January 2017,$412K,-11.3%,13.5%,286,-24.7%,26.5%,380,84.5%,19.5%,217,-3.1%,-15.6%,18,3,0,100.8%,0.2%,0.5%,Townhouse
"Seattle, WA metro area",February 2017,$470K,14.0%,18.0%,331,15.7%,14.1%,391,2.9%,2.1%,192,-11.5%,-20.3%,10,-8,0,102.3%,1.6%,0.6%,Townhouse
"Seattle, WA metro area",March 2017,$525K,11.7%,38.8%,475,43.5%,17.3%,475,21.5%,-4.0%,213,10.9%,-20.8%,7,-3,0,103.3%,1.0%,1.4%,Townhouse
"Seattle, WA metro area",April 2017,$488K,-7.0%,20.8%,392,-17.5%,-5.3%,453,-4.6%,-14.4%,232,8.9%,-28.4%,6,-1,-1,104.4%,1.1%,1.5%,Townhouse
"Seattle, WA metro area",May 2017,$475K,-2.7%,19.3%,489,24.7%,1.9%,589,30.0%,8.5%,260,12.1%,-19.8%,6,0,-1,104.4%,0.0%,1.5%,Townhouse
"Seattle, WA metro area",June 2017,$482K,1.5%,19.3%,536,9.6%,5.7%,607,3.1%,5.4%,312,20.0%,-22.6%,6,0,-1,105.0%,0.7%,2.4%,Townhouse
"Seattle, WA metro area",July 2017,$495K,2.7%,22.3%,457,-14.7%,8.0%,522,-14.0%,-9.7%,369,18.3%,-19.4%,7,1,0,104.0%,-1.0%,1.4%,Townhouse
"Seattle, WA metro area",August 2017,$475K,-4.0%,14.2%,529,15.8%,-0.2%,495,-5.2%,0.4%,310,-16.0%,-30.8%,7,0,-1,102.9%,-1.1%,1.2%,Townhouse
"Seattle, WA metro area",September 2017,$520K,9.6%,20.4%,482,-8.9%,7.6%,496,0.2%,-2.6%,376,21.3%,-23.9%,9,2,0,102.0%,-0.8%,0.6%,Townhouse
"Seattle, WA metro area",October 2017,$498K,-4.4%,22.9%,453,-6.0%,6.6%,406,-18.1%,14.7%,329,-12.5%,-23.7%,9,0,-3,101.6%,-0.5%,0.8%,Townhouse
"Seattle, WA metro area",November 2017,$525K,5.5%,21.4%,404,-10.8%,3.6%,349,-14.0%,25.5%,225,-31.6%,-35.2%,8,-1,-8,101.7%,0.2%,1.0%,Townhouse
"Seattle, WA metro area",December 2017,$540K,2.9%,16.1%,441,9.2%,16.1%,227,-35.0%,10.2%,157,-30.2%,-29.9%,10,2,-5,101.5%,-0.2%,0.9%,Townhouse
"Seattle, WA metro area",January 2018,$532K,-1.5%,29.0%,286,-35.1%,0.0%,363,59.9%,-4.5%,162,3.2%,-25.3%,9,-1,-9,101.4%,-0.2%,0.6%,Townhouse
"Seattle, WA metro area",February 2018,$550K,3.4%,17.1%,305,6.6%,-7.9%,373,2.8%,-4.6%,158,-2.5%,-17.7%,7,-2,-3,103.6%,2.3%,1.3%,Townhouse
"Seattle, WA metro area",March 2018,$569K,3.4%,8.3%,392,28.5%,-17.5%,531,42.4%,11.8%,212,34.2%,-0.5%,6,-1,-1,104.4%,0.8%,1.1%,Townhouse
"Seattle, WA metro area",April 2018,$575K,1.1%,17.8%,425,8.4%,8.4%,512,-3.6%,13.0%,269,26.9%,15.9%,6,0,0,104.8%,0.4%,0.4%,Townhouse
"Seattle, WA metro area",May 2018,$599K,4.2%,26.1%,486,14.4%,-0.6%,625,22.1%,6.1%,380,41.3%,46.2%,7,1,1,104.2%,-0.6%,-0.1%,Townhouse
"Seattle, WA metro area",June 2018,$566K,-5.5%,17.5%,512,5.3%,-4.5%,576,-7.8%,-5.1%,474,24.7%,51.9%,7,0,1,102.9%,-1.4%,-2.2%,Townhouse
"Seattle, WA metro area",July 2018,$526K,-7.2%,6.2%,454,-11.3%,-0.7%,538,-6.6%,3.1%,573,20.9%,55.3%,8,1,1,101.3%,-1.5%,-2.7%,Townhouse
"Seattle, WA metro area",August 2018,$550K,4.7%,15.8%,442,-2.6%,-16.4%,508,-5.6%,2.6%,660,15.2%,112.9%,10,2,3,100.2%,-1.1%,-2.7%,Townhouse
"Seattle, WA metro area",September 2018,$509K,-7.5%,-2.3%,347,-21.5%,-28.0%,577,13.6%,16.3%,822,24.5%,118.6%,17,7,8,99.5%,-0.7%,-2.5%,Townhouse
"Seattle, WA metro area",October 2018,$502K,-1.2%,1.0%,372,7.2%,-17.9%,433,-25.0%,6.7%,798,-2.9%,142.6%,19,2,10,99.4%,-0.1%,-2.2%,Townhouse
"Seattle, WA metro area",November 2018,$535K,6.5%,1.9%,356,-4.3%,-11.9%,320,-26.1%,-8.3%,727,-8.9%,223.1%,24,5,16,99.1%,-0.3%,-2.7%,Townhouse
"Seattle, WA metro area",December 2018,$500K,-6.5%,-7.4%,322,-9.6%,-27.0%,152,-52.5%,-33.0%,539,-25.9%,243.3%,39,15,29,98.8%,-0.3%,-2.7%,Townhouse
"Seattle, WA metro area",January 2019,$515K,3.0%,-3.2%,277,-14.0%,-3.1%,432,184.2%,19.0%,530,-1.7%,227.2%,42,3,33,98.8%,0.0%,-2.5%,Townhouse
"Seattle, WA metro area",February 2019,$565K,9.7%,2.7%,359,29.6%,17.7%,384,-11.1%,2.9%,553,4.3%,250.0%,38,-4,31,99.4%,0.6%,-4.2%,Townhouse
"Seattle, WA metro area",March 2019,$556K,-1.5%,-2.2%,382,6.4%,-2.6%,587,52.9%,10.5%,578,4.5%,172.6%,22,-16,16,99.8%,0.4%,-4.6%,Townhouse
"Seattle, WA metro area",April 2019,$525K,-5.6%,-8.7%,476,24.6%,12.0%,586,-0.2%,14.5%,634,9.7%,135.7%,13,-9,7,99.7%,-0.1%,-5.0%,Townhouse
"Seattle, WA metro area",May 2019,$575K,9.5%,-4.0%,478,0.4%,-1.6%,702,19.8%,12.3%,804,26.8%,111.6%,11,-2,4,100.1%,0.3%,-4.1%,Townhouse
"Seattle, WA metro area",June 2019,$542K,-5.8%,-4.4%,471,-1.5%,-8.0%,559,-20.4%,-3.0%,842,4.7%,77.6%,14,3,7,99.9%,-0.2%,-3.0%,Townhouse
"Seattle, WA metro area",July 2019,$543K,0.2%,3.2%,456,-3.2%,0.4%,503,-10.0%,-6.5%,821,-2.5%,43.3%,14,0,6,99.7%,-0.2%,-1.7%,Townhouse
"Seattle, WA metro area",August 2019,$550K,1.4%,0.0%,438,-3.9%,-0.9%,465,-7.6%,-8.5%,833,1.5%,26.2%,26,12,16,99.2%,-0.5%,-1.0%,Townhouse
"Seattle, WA metro area",September 2019,$513K,-6.8%,0.8%,403,-8.0%,16.1%,493,6.0%,-14.6%,862,3.5%,4.9%,25,-1,8,99.6%,0.4%,0.0%,Townhouse
"Seattle, WA metro area",October 2019,$550K,7.3%,9.4%,411,2.0%,10.5%,461,-6.5%,6.5%,775,-10.1%,-2.9%,32,7,13,99.4%,-0.2%,-0.1%,Townhouse
"Seattle, WA metro area",November 2019,$535K,-2.7%,0.0%,420,2.2%,18.0%,327,-29.1%,2.2%,626,-19.2%,-13.9%,25,-7,1,99.3%,-0.1%,0.2%,Townhouse
"Seattle, WA metro area",December 2019,$565K,5.6%,13.0%,429,2.1%,33.2%,237,-27.5%,55.9%,435,-30.5%,-19.3%,33,8,-6,99.4%,0.1%,0.6%,Townhouse
"Seattle, WA metro area",January 2020,$560K,-0.8%,8.7%,348,-18.9%,25.6%,481,103.0%,11.3%,418,-3.9%,-21.1%,38,5,-4,99.3%,-0.1%,0.5%,Townhouse
"Seattle, WA metro area",February 2020,$600K,7.1%,6.2%,426,22.4%,18.7%,518,7.7%,34.9%,414,-1.0%,-25.1%,18,-20,-20,100.4%,1.1%,1.0%,Townhouse
"Seattle, WA metro area",March 2020,$580K,-3.3%,4.3%,517,21.4%,35.3%,560,8.1%,-4.6%,534,29.0%,-7.6%,7,-11,-15,101.0%,0.6%,1.2%,Townhouse
"Seattle, WA metro area",April 2020,$573K,-1.2%,9.1%,306,-40.8%,-35.7%,370,-33.9%,-36.9%,573,7.3%,-9.6%,7,0,-6,100.9%,-0.1%,1.2%,Townhouse
"Seattle, WA metro area",May 2020,$580K,1.2%,0.9%,292,-4.6%,-38.9%,499,34.9%,-28.9%,581,1.4%,-27.7%,12,5,1,99.9%,-1.0%,-0.1%,Townhouse
"Seattle, WA metro area",June 2020,$584K,0.7%,7.8%,462,58.2%,-1.9%,594,19.0%,6.3%,586,0.9%,-30.4%,11,-1,-3,99.9%,0.0%,0.1%,Townhouse
"Seattle, WA metro area",July 2020,$585K,0.2%,7.8%,539,16.7%,18.2%,683,15.0%,35.8%,632,7.8%,-23.0%,12,1,-2,100.4%,0.4%,0.7%,Townhouse
"Seattle, WA metro area",August 2020,$595K,1.7%,8.2%,504,-6.5%,15.1%,700,2.5%,50.5%,670,6.0%,-19.6%,10,-2,-16,100.6%,0.2%,1.4%,Townhouse
"Seattle, WA metro area",September 2020,$587K,-1.4%,14.4%,597,18.5%,48.1%,659,-5.9%,33.7%,706,5.4%,-18.1%,9,-1,-16,100.6%,0.1%,1.1%,Townhouse
"Seattle, WA metro area",October 2020,$590K,0.6%,7.3%,610,2.2%,48.4%,603,-8.5%,30.8%,670,-5.1%,-13.5%,11,2,-21,100.3%,-0.3%,1.0%,Townhouse
"Seattle, WA metro area",November 2020,$595K,0.8%,11.2%,541,-11.3%,28.8%,403,-33.2%,23.2%,515,-23.1%,-17.7%,12,1,-13,100.4%,0.0%,1.0%,Townhouse
"Seattle, WA metro area",December 2020,$585K,-1.7%,3.6%,560,3.5%,30.5%,364,-9.7%,53.6%,409,-20.6%,-6.0%,14,2,-19,100.6%,0.2%,1.2%,Townhouse
"Seattle, WA metro area",January 2021,$624K,6.7%,11.4%,396,-29.3%,13.8%,519,42.6%,7.9%,355,-13.2%,-15.1%,19,5,-19,100.6%,0.0%,1.3%,Townhouse
"Seattle, WA metro area",February 2021,$630K,1.0%,5.0%,495,25.0%,16.2%,561,8.1%,8.3%,307,-13.5%,-25.8%,8,-11,-10,102.0%,1.4%,1.5%,Townhouse
"Seattle, WA metro area",March 2021,$655K,4.0%,12.9%,662,33.7%,28.0%,688,22.6%,22.9%,297,-3.3%,-44.4%,6,-2,-1,103.4%,1.5%,2.4%,Townhouse
"Seattle, WA metro area",April 2021,$668K,2.0%,16.6%,575,-13.1%,87.9%,741,7.7%,100.3%,392,32.0%,-31.6%,6,0,-1,104.7%,1.3%,3.8%,Townhouse
"Seattle, WA metro area",May 2021,$675K,1.0%,16.4%,614,6.8%,110.3%,706,-4.7%,41.5%,367,-6.4%,-36.8%,6,0,-6,104.2%,-0.5%,4.3%,Townhouse
"Seattle, WA metro area",June 2021,$675K,0.0%,15.6%,742,20.8%,60.6%,754,6.8%,26.9%,433,18.0%,-26.1%,6,0,-5,104.2%,0.0%,4.3%,Townhouse
"Seattle, WA metro area",July 2021,$682K,1.1%,16.7%,644,-13.2%,19.5%,716,-5.0%,4.8%,516,19.2%,-18.4%,6,0,-6,103.3%,-0.9%,3.0%,Townhouse
"Seattle, WA metro area",August 2021,$668K,-2.1%,12.3%,625,-3.0%,24.0%,625,-12.7%,-10.7%,451,-12.6%,-32.7%,6,0,-4,102.6%,-0.7%,2.0%,Townhouse
"Seattle, WA metro area",September 2021,$660K,-1.2%,12.5%,631,1.0%,5.7%,593,-5.1%,-10.0%,419,-7.1%,-40.7%,7,1,-2,101.8%,-0.8%,1.2%,Townhouse
"Seattle, WA metro area",October 2021,$655K,-0.8%,11.0%,583,-7.6%,-4.4%,534,-9.9%,-11.4%,352,-16.0%,-47.5%,7,0,-4,102.0%,0.2%,1.7%,Townhouse
"Seattle, WA metro area",November 2021,$650K,-0.8%,9.2%,569,-2.4%,5.2%,414,-22.5%,2.7%,238,-32.4%,-53.8%,7,0,-5,102.4%,0.5%,2.1%,Townhouse
"Seattle, WA metro area",December 2021,$700K,7.7%,19.6%,536,-5.8%,-4.3%,305,-26.3%,-16.2%,156,-34.5%,-61.9%,8,1,-6,102.8%,0.3%,2.2%,Townhouse
"Seattle, WA metro area",January 2022,$690K,-1.4%,10.6%,351,-34.5%,-11.4%,411,34.8%,-20.8%,137,-12.2%,-61.4%,8,0,-11,102.8%,0.0%,2.2%,Townhouse
"Seattle, WA metro area",February 2022,$715K,3.6%,13.5%,381,8.5%,-23.0%,526,28.0%,-6.2%,179,30.7%,-41.7%,6,-2,-2,106.0%,3.2%,4.1%,Townhouse
"Seattle, WA metro area",March 2022,$780K,9.1%,19.1%,617,61.9%,-6.8%,579,10.1%,-15.8%,231,29.1%,-22.2%,5,-1,-1,107.7%,1.6%,4.2%,Townhouse
"Seattle, WA metro area",April 2022,$800K,2.6%,19.8%,510,-17.3%,-11.3%,548,-5.4%,-26.0%,304,31.6%,-22.4%,5,0,-1,108.0%,0.4%,3.3%,Townhouse
"Seattle, WA metro area",May 2022,$780K,-2.5%,15.5%,513,0.6%,-16.4%,578,5.5%,-18.1%,370,21.7%,0.8%,5,0,-1,105.8%,-2.2%,1.6%,Townhouse
"Seattle, WA metro area",June 2022,$750K,-3.8%,11.1%,466,-9.2%,-37.2%,658,13.8%,-12.7%,611,65.1%,41.1%,6,1,0,102.3%,-3.6%,-1.9%,Townhouse
"Seattle, WA metro area",July 2022,$750K,0.0%,9.9%,364,-21.9%,-43.5%,466,-29.2%,-34.9%,661,8.2%,28.1%,8,2,2,100.2%,-2.1%,-3.2%,Townhouse
"Seattle, WA metro area",August 2022,$705K,-6.0%,5.5%,361,-0.8%,-42.2%,466,0.0%,-25.4%,659,-0.3%,46.1%,14,6,8,99.4%,-0.8%,-3.2%,Townhouse
"Seattle, WA metro area",September 2022,$738K,4.7%,11.8%,401,11.1%,-36.5%,441,-5.4%,-25.6%,721,9.4%,72.1%,16,2,9,99.2%,-0.2%,-2.6%,Townhouse
"Seattle, WA metro area",October 2022,$730K,-1.1%,11.5%,278,-30.7%,-52.3%,292,-33.8%,-45.3%,637,-11.7%,81.0%,21,5,14,98.8%,-0.4%,-3.2%,Townhouse
"Seattle, WA metro area",November 2022,$710K,-2.7%,9.2%,241,-13.3%,-57.6%,232,-20.5%,-44.0%,576,-9.6%,142.0%,25,4,18,98.4%,-0.4%,-4.0%,Townhouse
"Seattle, WA metro area",December 2022,$680K,-4.2%,-2.9%,255,5.8%,-52.4%,144,-37.9%,-52.8%,446,-22.6%,185.9%,35,10,27,98.2%,-0.2%,-4.5%,Townhouse
"Seattle, WA metro area",January 2023,$650K,-4.4%,-5.8%,192,-24.7%,-45.3%,329,128.5%,-20.0%,423,-5.2%,208.8%,38,3,30,98.8%,0.5%,-4.0%,Townhouse
"Seattle, WA metro area",February 2023,$675K,3.8%,-5.6%,299,55.7%,-21.5%,313,-4.9%,-40.5%,366,-13.5%,104.5%,28,-10,22,99.6%,0.8%,-6.5%,Townhouse
"Seattle, WA metro area",February 2012,$287K,2.5%,-4.7%,"1,769",23.5%,29.2%,"2,606",24.2%,-3.5%,"7,168",-4.2%,-30.1%,71,6,-16,97.8%,0.2%,0.7%,Single Family Home
"Seattle, WA metro area",March 2012,$296K,3.3%,-4.4%,"2,275",28.6%,12.3%,"3,226",23.8%,-2.3%,"6,942",-3.2%,-33.1%,66,-5,-17,98.3%,0.5%,1.0%,Single Family Home
"Seattle, WA metro area",April 2012,$320K,8.0%,3.2%,"2,373",4.3%,16.4%,"3,335",3.4%,-2.8%,"6,985",0.6%,-34.6%,41,-25,-23,98.7%,0.4%,1.1%,Single Family Home
"Seattle, WA metro area",May 2012,$320K,0.0%,3.2%,"2,736",15.3%,25.9%,"3,600",7.9%,9.3%,"7,106",1.7%,-33.9%,32,-9,-21,99.2%,0.5%,1.5%,Single Family Home
"Seattle, WA metro area",June 2012,$339K,5.9%,7.7%,"2,906",6.2%,14.7%,"3,379",-6.1%,-0.9%,"7,209",1.4%,-34.0%,26,-6,-21,99.3%,0.2%,1.7%,Single Family Home
"Seattle, WA metro area",July 2012,$334K,-1.5%,7.8%,"2,819",-3.0%,29.4%,"3,024",-10.5%,-2.3%,"7,116",-1.3%,-34.7%,24,-2,-24,99.3%,0.0%,1.7%,Single Family Home
"Seattle, WA metro area",August 2012,$340K,1.8%,10.0%,"2,933",4.0%,23.6%,"3,117",3.1%,3.6%,"7,135",0.3%,-33.1%,27,3,-22,99.2%,-0.2%,1.5%,Single Family Home
"Seattle, WA metro area",September 2012,$340K,0.0%,13.3%,"2,404",-18.0%,9.8%,"2,851",-8.5%,5.8%,"6,934",-2.8%,-32.8%,28,1,-23,99.2%,0.0%,1.2%,Single Family Home
"Seattle, WA metro area",October 2012,$330K,-2.9%,18.0%,"2,617",8.9%,28.5%,"2,535",-11.1%,8.6%,"6,180",-10.9%,-35.5%,31,3,-22,99.3%,0.2%,1.4%,Single Family Home
"Seattle, WA metro area",November 2012,$350K,6.0%,18.2%,"2,455",-6.2%,23.7%,"1,928",-23.9%,-3.4%,"5,475",-11.4%,-38.3%,30,-1,-28,99.1%,-0.3%,1.4%,Single Family Home
"Seattle, WA metro area",December 2012,$338K,-3.4%,18.6%,"2,358",-4.0%,14.6%,"1,365",-29.2%,-3.3%,"4,804",-12.3%,-39.1%,36,6,-30,98.9%,-0.2%,1.0%,Single Family Home
"Seattle, WA metro area",January 2013,$320K,-5.3%,14.3%,"1,709",-27.5%,19.3%,"2,374",73.9%,13.2%,"4,618",-3.9%,-38.3%,38,2,-27,99.3%,0.4%,1.7%,Single Family Home
"Seattle, WA metro area",February 2013,$330K,3.1%,15.0%,"1,864",9.1%,5.4%,"2,787",17.4%,6.9%,"4,646",0.6%,-35.2%,40,2,-31,99.7%,0.4%,1.9%,Single Family Home
"Seattle, WA metro area",March 2013,$353K,7.1%,19.2%,"2,510",34.7%,10.3%,"3,395",21.8%,5.2%,"4,561",-1.8%,-34.3%,23,-17,-43,100.1%,0.4%,1.8%,Single Family Home
"Seattle, WA metro area",April 2013,$352K,-0.4%,10.0%,"2,899",15.5%,22.2%,"3,803",12.0%,14.0%,"4,877",6.9%,-30.2%,15,-8,-26,100.5%,0.4%,1.8%,Single Family Home
"Seattle, WA metro area",May 2013,$375K,6.5%,17.2%,"3,373",16.4%,23.3%,"4,402",15.8%,22.3%,"5,629",15.4%,-20.8%,11,-4,-21,100.9%,0.4%,1.7%,Single Family Home
"Seattle, WA metro area",June 2013,$380K,1.3%,12.1%,"3,207",-4.9%,10.4%,"4,158",-5.5%,23.1%,"6,307",12.0%,-12.5%,11,0,-15,101.0%,0.0%,1.6%,Single Family Home
"Seattle, WA metro area",July 2013,$399K,5.0%,19.5%,"3,465",8.0%,22.9%,"4,023",-3.2%,33.0%,"6,895",9.3%,-3.1%,11,0,-13,101.0%,0.0%,1.6%,Single Family Home
"Seattle, WA metro area",August 2013,$388K,-2.8%,14.1%,"3,310",-4.5%,12.9%,"3,705",-7.9%,18.9%,"7,244",5.1%,1.5%,14,3,-13,100.4%,-0.5%,1.3%,Single Family Home
"Seattle, WA metro area",September 2013,$390K,0.5%,14.6%,"2,818",-14.9%,17.2%,"3,118",-15.8%,9.4%,"7,241",0.0%,4.4%,16,2,-12,100.2%,-0.2%,1.0%,Single Family Home
"Seattle, WA metro area",October 2013,$379K,-2.7%,14.8%,"2,869",1.8%,9.6%,"2,779",-10.9%,9.6%,"6,744",-6.9%,9.1%,21,5,-10,99.8%,-0.4%,0.5%,Single Family Home
"Seattle, WA metro area",November 2013,$378K,-0.3%,8.0%,"2,254",-21.4%,-8.2%,"1,899",-31.7%,-1.5%,"5,893",-12.6%,7.6%,26,5,-4,99.6%,-0.2%,0.5%,Single Family Home
"Seattle, WA metro area",December 2013,$380K,0.5%,12.4%,"2,386",5.9%,1.2%,"1,293",-31.9%,-5.3%,"5,095",-13.5%,6.1%,34,8,-2,99.2%,-0.4%,0.3%,Single Family Home
"Seattle, WA metro area",January 2014,$370K,-2.6%,15.6%,"1,636",-31.4%,-4.3%,"2,267",75.3%,-4.5%,"4,942",-3.0%,7.0%,47,13,9,99.1%,-0.1%,-0.1%,Single Family Home
"Seattle, WA metro area",February 2014,$380K,2.7%,15.2%,"1,804",10.3%,-3.2%,"2,493",10.0%,-10.5%,"4,982",0.8%,7.2%,41,-6,1,99.7%,0.6%,0.1%,Single Family Home
"Seattle, WA metro area",March 2014,$378K,-0.5%,7.0%,"2,367",31.2%,-5.7%,"3,265",31.0%,-3.8%,"5,033",1.0%,10.3%,25,-16,2,100.1%,0.4%,0.0%,Single Family Home
"Seattle, WA metro area",April 2014,$390K,3.2%,10.8%,"2,745",16.0%,-5.3%,"3,853",18.0%,1.3%,"5,398",7.3%,10.7%,15,-10,0,100.6%,0.5%,0.1%,Single Family Home
"Seattle, WA metro area",May 2014,$400K,2.4%,6.5%,"2,998",9.2%,-11.1%,"4,664",21.0%,6.0%,"5,932",9.9%,5.4%,13,-2,2,100.5%,-0.1%,-0.4%,Single Family Home
"Seattle, WA metro area",June 2014,$419K,4.9%,10.3%,"3,359",12.0%,4.7%,"4,145",-11.1%,-0.3%,"6,539",10.2%,3.7%,11,-2,0,100.5%,0.0%,-0.5%,Single Family Home
"Seattle, WA metro area",July 2014,$415K,-1.0%,4.0%,"3,402",1.3%,-1.8%,"4,113",-0.8%,2.2%,"7,428",13.6%,7.7%,13,2,2,100.2%,-0.3%,-0.8%,Single Family Home
"Seattle, WA metro area",August 2014,$400K,-3.6%,3.1%,"3,175",-6.7%,-4.1%,"3,482",-15.3%,-6.0%,"7,480",0.7%,3.3%,17,4,3,99.8%,-0.4%,-0.6%,Single Family Home
"Seattle, WA metro area",September 2014,$410K,2.5%,5.3%,"2,904",-8.5%,3.1%,"3,231",-7.2%,3.6%,"7,309",-2.3%,0.9%,21,4,5,99.6%,-0.3%,-0.6%,Single Family Home
"Seattle, WA metro area",October 2014,$397K,-3.1%,4.8%,"3,034",4.5%,5.8%,"2,826",-12.5%,1.7%,"6,630",-9.3%,-1.7%,29,8,8,99.3%,-0.2%,-0.5%,Single Family Home
"Seattle, WA metro area",November 2014,$405K,2.0%,7.2%,"2,379",-21.6%,5.5%,"1,750",-38.1%,-7.8%,"5,607",-15.4%,-4.9%,32,3,6,99.1%,-0.2%,-0.4%,Single Family Home
"Seattle, WA metro area",December 2014,$400K,-1.2%,5.3%,"2,579",8.4%,8.1%,"1,296",-25.9%,0.2%,"4,660",-16.9%,-8.5%,38,6,4,99.3%,0.2%,0.1%,Single Family Home
"Seattle, WA metro area",January 2015,$399K,-0.2%,7.9%,"1,733",-32.8%,5.9%,"2,324",79.3%,2.5%,"4,422",-5.1%,-10.5%,45,7,-2,99.2%,-0.1%,0.1%,Single Family Home
"Seattle, WA metro area",February 2015,$390K,-2.3%,2.6%,"1,923",11.0%,6.6%,"2,932",26.2%,17.6%,"4,459",0.8%,-10.5%,43,-2,2,99.7%,0.6%,0.0%,Single Family Home
"Seattle, WA metro area",March 2015,$417K,6.9%,10.3%,"2,874",49.5%,21.4%,"3,762",28.3%,15.2%,"4,420",-0.9%,-12.2%,17,-26,-8,100.6%,0.9%,0.5%,Single Family Home
"Seattle, WA metro area",April 2015,$433K,3.9%,11.1%,"3,313",15.3%,20.7%,"4,351",15.7%,12.9%,"4,815",8.9%,-10.8%,10,-7,-5,101.2%,0.5%,0.6%,Single Family Home
"Seattle, WA metro area",May 2015,$436K,0.7%,9.2%,"3,448",4.1%,15.0%,"4,417",1.5%,-5.3%,"5,200",8.0%,-12.3%,9,-1,-4,101.5%,0.4%,1.0%,Single Family Home
"Seattle, WA metro area",June 2015,$450K,3.1%,7.4%,"3,938",14.2%,17.2%,"4,299",-2.7%,3.7%,"5,490",5.6%,-16.0%,9,0,-2,101.5%,0.0%,1.0%,Single Family Home
"Seattle, WA metro area",July 2015,$440K,-2.2%,6.0%,"3,819",-3.0%,12.3%,"3,985",-7.3%,-3.1%,"5,687",3.6%,-23.4%,10,1,-3,101.3%,-0.2%,1.0%,Single Family Home
"Seattle, WA metro area",August 2015,$440K,0.0%,10.0%,"3,421",-10.4%,7.7%,"3,605",-9.5%,3.5%,"5,754",1.2%,-23.1%,14,4,-3,100.8%,-0.4%,1.0%,Single Family Home
"Seattle, WA metro area",September 2015,$430K,-2.3%,4.9%,"3,225",-5.7%,11.1%,"3,243",-10.0%,0.4%,"5,496",-4.5%,-24.8%,14,0,-7,100.5%,-0.3%,1.0%,Single Family Home
"Seattle, WA metro area",October 2015,$435K,1.2%,9.5%,"3,041",-5.7%,0.2%,"2,884",-11.1%,2.1%,"4,934",-10.2%,-25.6%,16,2,-13,100.4%,-0.1%,1.1%,Single Family Home
"Seattle, WA metro area",November 2015,$450K,3.4%,11.1%,"2,324",-23.6%,-2.3%,"1,776",-38.4%,1.5%,"3,876",-21.4%,-30.9%,19,3,-13,100.3%,-0.1%,1.2%,Single Family Home
"Seattle, WA metro area",December 2015,$435K,-3.3%,8.7%,"2,912",25.3%,12.9%,"1,378",-22.4%,6.3%,"3,195",-17.6%,-31.4%,27,8,-11,100.0%,-0.3%,0.7%,Single Family Home
"Seattle, WA metro area",January 2016,$435K,0.0%,9.0%,"1,732",-40.5%,-0.1%,"2,348",70.4%,1.0%,"3,180",-0.5%,-28.1%,25,-2,-20,100.2%,0.2%,1.0%,Single Family Home
"Seattle, WA metro area",February 2016,$438K,0.7%,12.3%,"1,943",12.2%,1.0%,"2,864",22.0%,-2.3%,"3,204",0.8%,-28.1%,18,-7,-25,101.1%,0.9%,1.4%,Single Family Home
"Seattle, WA metro area",March 2016,$461K,5.2%,10.5%,"2,889",48.7%,0.5%,"3,943",37.7%,4.8%,"3,447",7.6%,-22.0%,9,-9,-8,102.2%,1.1%,1.6%,Single Family Home
"Seattle, WA metro area",April 2016,$465K,0.9%,7.3%,"3,071",6.3%,-7.3%,"4,446",12.8%,2.2%,"3,986",15.6%,-17.2%,8,-1,-2,102.6%,0.3%,1.4%,Single Family Home
"Seattle, WA metro area",May 2016,$485K,4.3%,11.1%,"3,601",17.3%,4.4%,"4,596",3.4%,4.1%,"4,167",4.5%,-19.9%,7,-1,-2,103.1%,0.5%,1.5%,Single Family Home
"Seattle, WA metro area",June 2016,$500K,3.1%,11.1%,"4,130",14.7%,4.9%,"4,895",6.5%,13.9%,"4,835",16.0%,-11.9%,8,1,-1,102.7%,-0.4%,1.2%,Single Family Home
"Seattle, WA metro area",July 2016,$482K,-3.6%,9.5%,"3,879",-6.1%,1.6%,"4,446",-9.2%,11.6%,"5,312",9.9%,-6.6%,8,0,-2,102.1%,-0.6%,0.8%,Single Family Home
"Seattle, WA metro area",August 2016,$495K,2.7%,12.5%,"3,898",0.5%,13.9%,"4,054",-8.8%,12.5%,"5,261",-1.0%,-8.6%,11,3,-3,101.5%,-0.6%,0.6%,Single Family Home
"Seattle, WA metro area",September 2016,$473K,-4.4%,10.0%,"3,549",-9.0%,10.0%,"3,950",-2.6%,21.8%,"5,516",4.8%,0.4%,12,1,-2,100.9%,-0.6%,0.3%,Single Family Home
"Seattle, WA metro area",October 2016,$484K,2.3%,11.3%,"3,326",-6.3%,9.4%,"2,711",-31.4%,-6.0%,"4,633",-16.0%,-6.1%,14,2,-2,100.9%,0.0%,0.4%,Single Family Home
"Seattle, WA metro area",November 2016,$480K,-0.8%,6.7%,"3,104",-6.7%,33.6%,"1,991",-26.6%,12.1%,"3,669",-20.8%,-5.3%,16,2,-3,100.5%,-0.4%,0.1%,Single Family Home
"Seattle, WA metro area",December 2016,$486K,1.2%,11.7%,"2,917",-6.0%,0.2%,"1,334",-33.0%,-3.2%,"2,739",-25.3%,-14.3%,20,4,-7,100.6%,0.1%,0.6%,Single Family Home
"Seattle, WA metro area",January 2017,$473K,-2.8%,8.6%,"2,179",-25.3%,25.8%,"2,148",61.0%,-8.5%,"2,469",-9.9%,-22.4%,29,9,4,100.6%,0.0%,0.4%,Single Family Home
"Seattle, WA metro area",February 2017,$489K,3.6%,11.7%,"2,019",-7.3%,3.9%,"2,433",13.3%,-15.0%,"2,303",-6.7%,-28.1%,15,-14,-3,101.8%,1.2%,0.7%,Single Family Home
"Seattle, WA metro area",March 2017,$513K,4.8%,11.3%,"2,901",43.7%,0.4%,"3,788",55.7%,-3.9%,"2,626",14.0%,-23.8%,8,-7,-1,103.1%,1.2%,0.9%,Single Family Home
"Seattle, WA metro area",April 2017,$540K,5.3%,16.1%,"2,821",-2.8%,-8.1%,"3,757",-0.8%,-15.5%,"2,879",9.6%,-27.8%,7,-1,-1,104.3%,1.2%,1.7%,Single Family Home
"Seattle, WA metro area",May 2017,$557K,3.2%,14.9%,"3,723",32.0%,3.4%,"4,795",27.6%,4.3%,"3,394",17.9%,-18.6%,7,0,0,104.4%,0.1%,1.3%,Single Family Home
"Seattle, WA metro area",June 2017,$566K,1.6%,13.2%,"4,173",12.1%,1.0%,"4,974",3.7%,1.6%,"4,062",19.7%,-16.0%,7,0,-1,104.1%,-0.3%,1.4%,Single Family Home
"Seattle, WA metro area",July 2017,$575K,1.6%,19.3%,"3,737",-10.4%,-3.7%,"4,244",-14.7%,-4.5%,"4,420",8.8%,-16.8%,8,1,0,103.2%,-0.9%,1.2%,Single Family Home
"Seattle, WA metro area",August 2017,$565K,-1.7%,14.2%,"4,031",7.9%,3.4%,"4,100",-3.4%,1.1%,"4,490",1.6%,-14.7%,9,1,-2,102.2%,-1.0%,0.7%,Single Family Home
"Seattle, WA metro area",September 2017,$545K,-3.5%,15.2%,"3,481",-13.6%,-1.9%,"3,699",-9.8%,-6.4%,"4,655",3.7%,-15.6%,11,2,-1,101.6%,-0.6%,0.7%,Single Family Home
"Seattle, WA metro area",October 2017,$550K,0.9%,13.6%,"3,391",-2.6%,2.0%,"3,023",-18.3%,11.5%,"3,876",-16.7%,-16.3%,12,1,-2,101.3%,-0.3%,0.4%,Single Family Home
"Seattle, WA metro area",November 2017,$555K,0.9%,15.6%,"3,126",-7.8%,0.7%,"1,982",-34.4%,-0.5%,"2,890",-25.4%,-21.2%,14,2,-2,101.0%,-0.3%,0.6%,Single Family Home
"Seattle, WA metro area",December 2017,$550K,-0.9%,13.2%,"2,849",-8.9%,-2.3%,"1,163",-41.3%,-12.8%,"2,006",-30.6%,-26.8%,18,4,-2,100.8%,-0.2%,0.2%,Single Family Home
"Seattle, WA metro area",January 2018,$540K,-1.8%,14.3%,"1,829",-35.8%,-16.1%,"2,209",89.9%,2.8%,"1,936",-3.5%,-21.6%,20,2,-9,101.1%,0.3%,0.4%,Single Family Home
"Seattle, WA metro area",February 2018,$568K,5.3%,16.1%,"2,069",13.1%,2.5%,"2,509",13.6%,3.1%,"2,038",5.3%,-11.5%,9,-11,-6,103.2%,2.1%,1.3%,Single Family Home
"Seattle, WA metro area",March 2018,$603K,6.1%,17.5%,"2,698",30.4%,-7.0%,"3,861",53.9%,1.9%,"2,456",20.5%,-6.5%,7,-2,-1,103.8%,0.7%,0.7%,Single Family Home
"Seattle, WA metro area",April 2018,$625K,3.6%,15.7%,"3,103",15.0%,10.0%,"4,062",5.2%,8.1%,"3,068",24.9%,6.6%,7,0,0,104.4%,0.6%,0.1%,Single Family Home
"Seattle, WA metro area",May 2018,$625K,0.0%,12.2%,"3,555",14.6%,-4.5%,"5,303",30.6%,10.6%,"4,165",35.8%,22.7%,7,0,0,103.8%,-0.6%,-0.6%,Single Family Home
"Seattle, WA metro area",June 2018,$625K,0.0%,10.4%,"3,794",6.7%,-9.1%,"4,863",-8.3%,-2.2%,"5,232",25.6%,28.8%,7,0,0,102.7%,-1.1%,-1.4%,Single Family Home
"Seattle, WA metro area",July 2018,$620K,-0.8%,7.8%,"3,564",-6.1%,-4.6%,"4,160",-14.5%,-2.0%,"5,817",11.2%,31.6%,9,2,1,101.2%,-1.5%,-2.0%,Single Family Home
"Seattle, WA metro area",August 2018,$580K,-6.4%,2.7%,"3,403",-4.5%,-15.6%,"3,890",-6.5%,-5.1%,"6,443",10.8%,43.5%,13,4,4,100.3%,-0.9%,-1.8%,Single Family Home
"Seattle, WA metro area",September 2018,$575K,-0.9%,5.5%,"2,623",-22.9%,-24.6%,"3,635",-6.6%,-1.7%,"6,936",7.7%,49.0%,17,4,6,99.6%,-0.7%,-1.9%,Single Family Home
"Seattle, WA metro area",October 2018,$600K,4.3%,9.1%,"2,834",8.0%,-16.4%,"2,837",-22.0%,-6.2%,"6,340",-8.6%,63.6%,22,5,10,99.2%,-0.4%,-2.1%,Single Family Home
"Seattle, WA metro area",November 2018,$575K,-4.2%,3.6%,"2,580",-9.0%,-17.5%,"1,874",-33.9%,-5.4%,"5,253",-17.1%,81.8%,29,7,15,98.8%,-0.4%,-2.2%,Single Family Home
"Seattle, WA metro area",December 2018,$569K,-1.0%,3.5%,"2,382",-7.7%,-16.4%,944,-49.6%,-18.8%,"4,005",-23.8%,99.7%,40,11,22,98.6%,-0.2%,-2.2%,Single Family Home
"Seattle, WA metro area",January 2019,$550K,-3.3%,1.9%,"1,655",-30.5%,-9.5%,"2,228",136.0%,0.9%,"3,747",-6.4%,93.5%,48,8,28,98.4%,-0.2%,-2.6%,Single Family Home
"Seattle, WA metro area",February 2019,$580K,5.4%,2.0%,"2,038",23.1%,-1.5%,"2,137",-4.1%,-14.8%,"3,682",-1.7%,80.7%,41,-7,32,99.1%,0.7%,-4.0%,Single Family Home
"Seattle, WA metro area",March 2019,$600K,3.4%,-0.6%,"2,418",18.6%,-10.4%,"3,910",83.0%,1.3%,"4,158",12.9%,69.3%,18,-23,11,99.8%,0.7%,-4.0%,Single Family Home
"Seattle, WA metro area",April 2019,$620K,3.4%,-0.8%,"3,054",26.3%,-1.6%,"4,191",7.2%,3.2%,"4,535",9.1%,47.8%,8,-10,1,100.7%,0.8%,-3.8%,Single Family Home
"Seattle, WA metro area",May 2019,$625K,0.8%,0.0%,"3,644",19.3%,2.5%,"5,353",27.7%,0.9%,"5,699",25.7%,36.8%,8,0,1,100.5%,-0.1%,-3.3%,Single Family Home
"Seattle, WA metro area",June 2019,$615K,-1.6%,-1.6%,"3,716",2.0%,-2.1%,"4,123",-23.0%,-15.2%,"5,827",2.2%,11.4%,10,2,3,100.5%,-0.1%,-2.3%,Single Family Home
"Seattle, WA metro area",July 2019,$605K,-1.6%,-2.4%,"3,633",-2.2%,1.9%,"3,586",-13.0%,-13.8%,"5,631",-3.4%,-3.2%,13,3,4,100.1%,-0.4%,-1.1%,Single Family Home
"Seattle, WA metro area",August 2019,$590K,-2.5%,1.7%,"3,518",-3.2%,3.4%,"3,292",-8.2%,-15.4%,"5,418",-3.8%,-15.9%,17,4,4,99.7%,-0.4%,-0.6%,Single Family Home
"Seattle, WA metro area",September 2019,$582K,-1.4%,1.2%,"2,858",-18.8%,9.0%,"3,282",-0.3%,-9.7%,"5,293",-2.3%,-23.7%,21,4,4,99.6%,-0.1%,-0.1%,Single Family Home
"Seattle, WA metro area",October 2019,$600K,3.1%,0.0%,"3,142",9.9%,10.9%,"2,655",-19.1%,-6.4%,"4,528",-14.5%,-28.6%,17,-4,-5,99.6%,0.0%,0.4%,Single Family Home
"Seattle, WA metro area",November 2019,$589K,-1.9%,2.4%,"2,636",-16.1%,2.2%,"1,630",-38.6%,-13.0%,"3,288",-27.4%,-37.4%,23,6,-6,99.4%,-0.1%,0.6%,Single Family Home
"Seattle, WA metro area",December 2019,$607K,3.1%,6.7%,"2,711",2.8%,13.8%,"1,134",-30.4%,20.1%,"2,340",-28.8%,-41.6%,31,8,-9,99.3%,-0.1%,0.7%,Single Family Home
"Seattle, WA metro area",January 2020,$580K,-4.4%,5.5%,"1,745",-35.6%,5.4%,"2,165",90.9%,-2.8%,"2,229",-4.7%,-40.5%,35,4,-13,99.6%,0.3%,1.2%,Single Family Home
"Seattle, WA metro area",February 2020,$615K,6.0%,6.0%,"1,947",11.6%,-4.5%,"2,724",25.8%,27.5%,"2,386",7.0%,-35.2%,13,-22,-28,100.8%,1.2%,1.7%,Single Family Home
"Seattle, WA metro area",March 2020,$637K,3.5%,6.2%,"2,525",29.7%,4.4%,"3,702",35.9%,-5.3%,"3,093",29.6%,-25.6%,7,-6,-11,102.2%,1.3%,2.3%,Single Family Home
"Seattle, WA metro area",April 2020,$645K,1.3%,4.1%,"2,257",-10.6%,-26.1%,"2,776",-25.0%,-33.8%,"3,368",8.9%,-25.7%,6,-1,-2,101.8%,-0.4%,1.1%,Single Family Home
"Seattle, WA metro area",May 2020,$610K,-5.4%,-2.4%,"2,343",3.8%,-35.7%,"3,489",25.7%,-34.8%,"3,334",-1.0%,-41.5%,9,3,1,100.7%,-1.1%,0.1%,Single Family Home
"Seattle, WA metro area",June 2020,$650K,6.6%,5.7%,"3,398",45.0%,-8.6%,"3,794",8.7%,-8.0%,"3,113",-6.6%,-46.6%,8,-1,-2,101.1%,0.4%,0.6%,Single Family Home
"Seattle, WA metro area",July 2020,$660K,1.5%,9.1%,"3,777",11.2%,4.0%,"4,331",14.2%,20.8%,"3,245",4.2%,-42.4%,7,-1,-6,101.6%,0.5%,1.5%,Single Family Home
"Seattle, WA metro area",August 2020,$675K,2.3%,14.4%,"3,757",-0.5%,6.8%,"4,205",-2.9%,27.7%,"3,056",-5.8%,-43.6%,7,0,-10,101.9%,0.3%,2.2%,Single Family Home
"Seattle, WA metro area",September 2020,$678K,0.5%,16.5%,"3,977",5.9%,39.2%,"3,941",-6.3%,20.1%,"2,678",-12.4%,-49.4%,6,-1,-15,102.1%,0.3%,2.6%,Single Family Home
"Seattle, WA metro area",October 2020,$680K,0.3%,13.4%,"4,188",5.3%,33.3%,"3,624",-8.0%,36.5%,"2,463",-8.0%,-45.6%,6,0,-11,102.2%,0.1%,2.7%,Single Family Home
"Seattle, WA metro area",November 2020,$670K,-1.5%,13.8%,"3,294",-21.3%,25.0%,"2,048",-43.5%,25.6%,"1,649",-33.0%,-49.8%,6,0,-17,102.3%,0.0%,2.8%,Single Family Home
"Seattle, WA metro area",December 2020,$675K,0.7%,11.2%,"3,222",-2.2%,18.8%,"1,761",-14.0%,55.3%,"1,149",-30.3%,-50.9%,7,1,-24,102.1%,-0.1%,2.8%,Single Family Home
"Seattle, WA metro area",January 2021,$680K,0.7%,17.2%,"1,982",-38.5%,13.6%,"2,230",26.6%,3.0%,"1,144",-0.4%,-48.7%,7,0,-28,102.7%,0.6%,3.1%,Single Family Home
"Seattle, WA metro area",February 2021,$730K,7.4%,18.7%,"2,056",3.7%,5.6%,"2,509",12.5%,-7.9%,"1,115",-2.5%,-53.3%,6,-1,-7,105.8%,3.1%,5.0%,Single Family Home
"Seattle, WA metro area",March 2021,$775K,6.2%,21.7%,"3,033",47.5%,20.1%,"3,871",54.3%,4.6%,"1,112",-0.3%,-64.0%,5,-1,-2,108.3%,2.5%,6.2%,Single Family Home
"Seattle, WA metro area",April 2021,$800K,3.2%,24.0%,"3,569",17.7%,58.1%,"4,496",16.1%,62.0%,"1,717",54.4%,-49.0%,5,0,-1,109.3%,1.0%,7.6%,Single Family Home
"Seattle, WA metro area",May 2021,$826K,3.3%,35.4%,"3,745",4.9%,59.8%,"4,184",-6.9%,19.9%,"1,538",-10.4%,-53.9%,5,0,-4,109.4%,0.0%,8.7%,Single Family Home
"Seattle, WA metro area",June 2021,$826K,0.0%,27.1%,"4,401",17.5%,29.5%,"4,746",13.4%,25.1%,"1,824",18.6%,-41.4%,6,1,-2,108.5%,-0.9%,7.4%,Single Family Home
"Seattle, WA metro area",July 2021,$822K,-0.5%,24.6%,"4,186",-4.9%,10.8%,"4,322",-8.9%,-0.2%,"2,325",27.5%,-28.4%,6,0,-1,107.0%,-1.5%,5.4%,Single Family Home
"Seattle, WA metro area",August 2021,$800K,-2.7%,18.5%,"3,931",-6.1%,4.6%,"3,840",-11.2%,-8.7%,"2,062",-11.3%,-32.5%,6,0,-1,105.5%,-1.5%,3.7%,Single Family Home
"Seattle, WA metro area",September 2021,$775K,-3.1%,14.3%,"3,814",-3.0%,-4.1%,"3,898",1.5%,-1.1%,"2,169",5.2%,-19.0%,6,0,0,104.6%,-0.9%,2.5%,Single Family Home
"Seattle, WA metro area",October 2021,$800K,3.2%,17.6%,"3,605",-5.5%,-13.9%,"2,946",-24.4%,-18.7%,"1,592",-26.6%,-35.4%,6,0,0,104.5%,-0.1%,2.3%,Single Family Home
"Seattle, WA metro area",November 2021,$785K,-1.9%,17.2%,"3,242",-10.1%,-1.6%,"2,004",-32.0%,-2.1%,891,-44.0%,-46.0%,6,0,0,105.0%,0.5%,2.7%,Single Family Home
"Seattle, WA metro area",December 2021,$800K,1.9%,18.5%,"2,647",-18.4%,-17.8%,"1,362",-32.0%,-22.7%,595,-33.2%,-48.2%,6,0,-1,105.3%,0.3%,3.1%,Single Family Home
"Seattle, WA metro area",January 2022,$787K,-1.7%,15.7%,"1,503",-43.2%,-24.2%,"1,851",35.9%,-17.0%,718,20.7%,-37.2%,6,0,-1,106.3%,1.1%,3.6%,Single Family Home
"Seattle, WA metro area",February 2022,$855K,8.7%,17.1%,"1,717",14.2%,-16.5%,"2,660",43.7%,6.0%,910,26.7%,-18.4%,5,-1,-1,110.8%,4.4%,5.0%,Single Family Home
"Seattle, WA metro area",March 2022,$920K,7.6%,18.7%,"2,990",74.1%,-1.4%,"4,124",55.0%,6.5%,"1,474",62.0%,32.6%,5,0,0,112.4%,1.6%,4.1%,Single Family Home
"Seattle, WA metro area",April 2022,$950K,3.3%,18.8%,"3,255",8.9%,-8.8%,"4,223",2.4%,-6.1%,"2,295",55.7%,33.7%,5,0,0,110.9%,-1.5%,1.6%,Single Family Home
"Seattle, WA metro area",May 2022,$950K,0.0%,15.0%,"3,502",7.6%,-6.5%,"4,508",6.7%,7.7%,"3,017",31.5%,96.2%,5,0,0,107.6%,-3.3%,-1.7%,Single Family Home
"Seattle, WA metro area",June 2022,$900K,-5.3%,9.0%,"3,421",-2.3%,-22.3%,"4,590",1.8%,-3.3%,"4,454",47.6%,144.2%,6,1,0,103.0%,-4.6%,-5.4%,Single Family Home
"Seattle, WA metro area",July 2022,$871K,-3.3%,5.9%,"2,628",-23.2%,-37.2%,"3,654",-20.4%,-15.5%,"4,949",11.1%,112.9%,10,4,4,100.2%,-2.8%,-6.8%,Single Family Home
"Seattle, WA metro area",August 2022,$860K,-1.2%,7.5%,"2,807",6.8%,-28.6%,"2,843",-22.2%,-26.0%,"4,484",-9.4%,117.5%,16,6,10,98.8%,-1.4%,-6.7%,Single Family Home
"Seattle, WA metro area",September 2022,$840K,-2.3%,8.4%,"2,619",-6.7%,-31.3%,"2,917",2.6%,-25.2%,"4,604",2.7%,112.3%,22,6,16,98.6%,-0.2%,-6.0%,Single Family Home
"Seattle, WA metro area",October 2022,$840K,0.0%,5.0%,"2,235",-14.7%,-38.0%,"2,031",-30.4%,-31.1%,"4,087",-11.2%,156.7%,21,-1,15,98.5%,-0.1%,-6.0%,Single Family Home
"Seattle, WA metro area",November 2022,$785K,-6.5%,0.0%,"1,887",-15.6%,-41.8%,"1,314",-35.3%,-34.4%,"3,253",-20.4%,265.1%,26,5,20,97.9%,-0.6%,-7.0%,Single Family Home
"Seattle, WA metro area",December 2022,$770K,-1.9%,-3.7%,"1,563",-17.2%,-41.0%,738,-43.8%,-45.8%,"2,397",-26.3%,302.9%,30,4,24,97.7%,-0.2%,-7.6%,Single Family Home
"Seattle, WA metro area",January 2023,$780K,1.3%,-0.8%,"1,092",-30.1%,-27.3%,"1,352",83.2%,-27.0%,"1,994",-16.8%,177.7%,42,12,36,97.9%,0.2%,-8.4%,Single Family Home
"Seattle, WA metro area",February 2023,$790K,1.3%,-7.6%,"1,494",36.8%,-13.0%,"1,556",15.1%,-41.5%,"1,671",-16.2%,83.6%,33,-9,28,99.3%,1.4%,-11.5%,Single Family Home
"Seattle, WA metro area",February 2012,$244K,-27.2%,-26.7%,20,-20.0%,-4.8%,49,2.1%,-30.0%,190,-9.5%,-33.3%,79,-1,-86,96.3%,-1.0%,4.9%,Multi Family Home
"Seattle, WA metro area",March 2012,$320K,30.9%,6.1%,29,45.0%,-17.1%,44,-10.2%,-38.0%,175,-7.9%,-38.6%,58,-21,-28,97.3%,1.0%,1.3%,Multi Family Home
"Seattle, WA metro area",April 2012,$320K,0.2%,-9.9%,36,24.1%,16.1%,57,29.5%,-5.0%,169,-3.4%,-40.9%,61,3,-15,97.0%,-0.4%,1.6%,Multi Family Home
"Seattle, WA metro area",May 2012,$277K,-13.4%,-25.7%,35,-2.8%,25.0%,48,-15.8%,-22.6%,170,0.6%,-41.8%,57,-4,11,97.8%,0.9%,4.0%,Multi Family Home
"Seattle, WA metro area",June 2012,$380K,37.2%,41.3%,29,-17.1%,-25.6%,40,-16.7%,-36.5%,160,-5.9%,-45.6%,52,-5,-27,95.9%,-1.9%,-1.0%,Multi Family Home
"Seattle, WA metro area",July 2012,$332K,-12.6%,2.2%,34,17.2%,21.4%,56,40.0%,24.4%,170,6.3%,-38.4%,56,4,-5,96.1%,0.2%,1.4%,Multi Family Home
"Seattle, WA metro area",August 2012,$365K,9.9%,4.6%,38,11.8%,-2.6%,46,-17.9%,-32.4%,171,0.6%,-39.4%,47,-9,-47,97.7%,1.6%,2.6%,Multi Family Home
"Seattle, WA metro area",September 2012,$409K,12.1%,25.8%,24,-36.8%,-14.3%,48,4.3%,2.1%,160,-6.4%,-42.0%,32,-15,-45,97.4%,-0.4%,2.8%,Multi Family Home
"Seattle, WA metro area",October 2012,$350K,-14.4%,17.6%,29,20.8%,-23.7%,54,12.5%,31.7%,152,-5.0%,-36.1%,31,-1,-59,99.5%,2.1%,3.8%,Multi Family Home
"Seattle, WA metro area",November 2012,$327K,-6.7%,36.0%,40,37.9%,14.3%,40,-25.9%,-14.9%,128,-15.8%,-44.1%,41,10,-29,96.1%,-3.4%,0.1%,Multi Family Home
"Seattle, WA metro area",December 2012,$343K,5.1%,-4.7%,37,-7.5%,-2.6%,30,-25.0%,-18.9%,115,-10.2%,-42.5%,29,-12,-72,97.0%,1.0%,0.8%,Multi Family Home
"Seattle, WA metro area",January 2013,$305K,-11.1%,-9.0%,24,-35.1%,-4.0%,40,33.3%,-16.7%,116,0.9%,-44.8%,40,11,-40,94.1%,-2.9%,-3.2%,Multi Family Home
"Seattle, WA metro area",February 2013,$296K,-3.0%,21.3%,27,12.5%,35.0%,42,5.0%,-14.3%,115,-0.9%,-39.5%,46,6,-33,100.1%,6.0%,3.8%,Multi Family Home
"Seattle, WA metro area",March 2013,$275K,-7.0%,-13.9%,42,55.6%,44.8%,60,42.9%,36.4%,115,0.0%,-34.3%,63,17,5,99.1%,-1.0%,1.8%,Multi Family Home
"Seattle, WA metro area",April 2013,$342K,24.3%,6.9%,45,7.1%,25.0%,73,21.7%,28.1%,142,23.5%,-16.0%,75,12,14,98.4%,-0.7%,1.4%,Multi Family Home
"Seattle, WA metro area",May 2013,$380K,11.0%,37.0%,44,-2.2%,25.7%,95,30.1%,97.9%,165,16.2%,-2.9%,9,-66,-48,101.1%,2.8%,3.3%,Multi Family Home
"Seattle, WA metro area",June 2013,$400K,5.3%,5.1%,52,18.2%,79.3%,75,-21.1%,87.5%,176,6.7%,10.0%,24,15,-28,98.6%,-2.5%,2.7%,Multi Family Home
"Seattle, WA metro area",July 2013,$368K,-7.9%,10.8%,53,1.9%,55.9%,83,10.7%,48.2%,204,15.9%,20.0%,20,-4,-36,98.1%,-0.6%,1.9%,Multi Family Home
"Seattle, WA metro area",August 2013,$425K,15.5%,16.4%,45,-15.1%,18.4%,63,-24.1%,37.0%,209,2.5%,22.2%,19,-1,-28,100.1%,2.0%,2.3%,Multi Family Home
"Seattle, WA metro area",September 2013,$400K,-5.9%,-2.2%,39,-13.3%,62.5%,68,7.9%,41.7%,221,5.7%,38.1%,35,16,3,97.9%,-2.1%,0.6%,Multi Family Home
"Seattle, WA metro area",October 2013,$415K,3.8%,18.6%,41,5.1%,41.4%,65,-4.4%,20.4%,223,0.9%,46.7%,27,-8,-4,98.1%,0.2%,-1.4%,Multi Family Home
"Seattle, WA metro area",November 2013,$357K,-14.0%,9.3%,26,-36.6%,-35.0%,36,-44.6%,-10.0%,210,-5.8%,64.1%,56,29,15,97.1%,-1.0%,1.1%,Multi Family Home
"Seattle, WA metro area",December 2013,$428K,20.0%,24.8%,37,42.3%,0.0%,27,-25.0%,-10.0%,176,-16.2%,53.0%,57,1,28,97.1%,0.0%,0.0%,Multi Family Home
"Seattle, WA metro area",January 2014,$345K,-19.4%,13.1%,22,-40.5%,-8.3%,43,59.3%,7.5%,159,-9.7%,37.1%,60,3,20,96.6%,-0.5%,2.5%,Multi Family Home
"Seattle, WA metro area",February 2014,$322K,-6.5%,9.0%,28,27.3%,3.7%,60,39.5%,42.9%,161,1.3%,40.0%,57,-3,11,97.9%,1.2%,-2.2%,Multi Family Home
"Seattle, WA metro area",March 2014,$340K,5.4%,23.4%,50,78.6%,19.0%,58,-3.3%,-3.3%,157,-2.5%,36.5%,33,-24,-30,97.1%,-0.8%,-2.1%,Multi Family Home
"Seattle, WA metro area",April 2014,$413K,21.6%,20.8%,42,-16.0%,-6.7%,61,5.2%,-16.4%,147,-6.4%,3.5%,33,0,-42,99.6%,2.5%,1.2%,Multi Family Home
"Seattle, WA metro area",May 2014,$410K,-0.7%,8.0%,49,16.7%,11.4%,76,24.6%,-20.0%,151,2.7%,-8.5%,27,-6,18,99.4%,-0.2%,-1.7%,Multi Family Home
"Seattle, WA metro area",June 2014,$408K,-0.5%,2.1%,43,-12.2%,-17.3%,66,-13.2%,-12.0%,158,4.6%,-10.2%,28,1,4,97.8%,-1.7%,-0.9%,Multi Family Home
"Seattle, WA metro area",July 2014,$408K,0.0%,10.9%,46,7.0%,-13.2%,78,18.2%,-6.0%,189,19.6%,-7.4%,16,-12,-4,99.1%,1.4%,1.0%,Multi Family Home
"Seattle, WA metro area",August 2014,$383K,-6.3%,-10.0%,40,-13.0%,-11.1%,63,-19.2%,0.0%,191,1.1%,-8.6%,23,7,4,97.8%,-1.3%,-2.3%,Multi Family Home
"Seattle, WA metro area",September 2014,$385K,0.5%,-3.9%,50,25.0%,28.2%,68,7.9%,0.0%,199,4.2%,-10.0%,36,13,1,97.6%,-0.2%,-0.4%,Multi Family Home
"Seattle, WA metro area",October 2014,$402K,4.5%,-3.2%,40,-20.0%,-2.4%,67,-1.5%,3.1%,198,-0.5%,-11.2%,35,-1,8,98.9%,1.4%,0.8%,Multi Family Home
"Seattle, WA metro area",November 2014,$380K,-5.5%,6.5%,40,0.0%,53.8%,44,-34.3%,22.2%,175,-11.6%,-16.7%,21,-14,-35,98.2%,-0.8%,1.0%,Multi Family Home
"Seattle, WA metro area",December 2014,$441K,16.2%,3.1%,44,10.0%,18.9%,23,-47.7%,-14.8%,141,-19.4%,-19.9%,52,31,-5,98.2%,0.1%,1.1%,Multi Family Home
"Seattle, WA metro area",January 2015,$480K,8.8%,39.1%,35,-20.5%,59.1%,41,78.3%,-4.7%,134,-5.0%,-15.7%,25,-27,-35,97.2%,-1.0%,0.6%,Multi Family Home
"Seattle, WA metro area",February 2015,$414K,-13.9%,28.2%,34,-2.9%,21.4%,45,9.8%,-25.0%,125,-6.7%,-22.4%,62,37,5,97.4%,0.1%,-0.5%,Multi Family Home
"Seattle, WA metro area",March 2015,$392K,-5.3%,15.2%,46,35.3%,-8.0%,76,68.9%,31.0%,128,2.4%,-18.5%,67,5,34,97.6%,0.2%,0.6%,Multi Family Home
"Seattle, WA metro area",April 2015,$468K,19.6%,13.4%,46,0.0%,9.5%,62,-18.4%,1.6%,121,-5.5%,-17.7%,13,-54,-20,100.0%,2.4%,0.4%,Multi Family Home
"Seattle, WA metro area",May 2015,$442K,-5.5%,7.9%,56,21.7%,14.3%,73,17.7%,-3.9%,147,21.5%,-2.6%,16,3,-11,99.5%,-0.5%,0.1%,Multi Family Home
"Seattle, WA metro area",June 2015,$479K,8.3%,17.4%,57,1.8%,32.6%,78,6.8%,18.2%,146,-0.7%,-7.6%,16,0,-12,99.7%,0.2%,2.0%,Multi Family Home
"Seattle, WA metro area",July 2015,$487K,1.7%,19.4%,50,-12.3%,8.7%,64,-17.9%,-17.9%,137,-6.2%,-27.5%,19,3,3,100.6%,0.9%,1.5%,Multi Family Home
"Seattle, WA metro area",August 2015,$550K,12.9%,43.8%,53,6.0%,32.5%,59,-7.8%,-6.3%,143,4.4%,-25.1%,13,-6,-10,100.6%,0.0%,2.8%,Multi Family Home
"Seattle, WA metro area",September 2015,$372K,-32.4%,-3.3%,36,-32.1%,-28.0%,51,-13.6%,-25.0%,137,-4.2%,-31.2%,24,11,-12,99.2%,-1.4%,1.7%,Multi Family Home
"Seattle, WA metro area",October 2015,$436K,17.2%,8.5%,36,0.0%,-10.0%,35,-31.4%,-47.8%,123,-10.2%,-37.9%,32,8,-3,98.7%,-0.5%,-0.3%,Multi Family Home
"Seattle, WA metro area",November 2015,$406K,-6.9%,6.9%,29,-19.4%,-27.5%,39,11.4%,-11.4%,112,-8.9%,-36.0%,13,-19,-8,98.9%,0.2%,0.7%,Multi Family Home
"Seattle, WA metro area",December 2015,$411K,1.3%,-6.8%,40,37.9%,-9.1%,13,-66.7%,-43.5%,87,-22.3%,-38.3%,16,3,-36,97.7%,-1.2%,-0.5%,Multi Family Home
"Seattle, WA metro area",January 2016,$430K,4.5%,-10.4%,37,-7.5%,5.7%,40,207.7%,-2.4%,88,1.1%,-34.3%,53,37,28,96.9%,-0.8%,-0.4%,Multi Family Home
"Seattle, WA metro area",February 2016,$340K,-20.9%,-17.8%,25,-32.4%,-26.5%,49,22.5%,8.9%,88,0.0%,-29.6%,38,-15,-24,102.1%,5.2%,4.7%,Multi Family Home
"Seattle, WA metro area",March 2016,$450K,32.4%,14.9%,47,88.0%,2.2%,66,34.7%,-13.2%,98,11.4%,-23.4%,18,-20,-49,99.3%,-2.9%,1.6%,Multi Family Home
"Seattle, WA metro area",April 2016,$501K,11.3%,7.0%,41,-12.8%,-10.9%,81,22.7%,30.6%,115,17.3%,-5.0%,23,5,10,100.9%,1.7%,0.9%,Multi Family Home
"Seattle, WA metro area",May 2016,$453K,-9.6%,2.4%,63,53.7%,12.5%,64,-21.0%,-12.3%,123,7.0%,-16.3%,10,-13,-6,102.4%,1.4%,2.8%,Multi Family Home
"Seattle, WA metro area",June 2016,$496K,9.6%,3.6%,46,-27.0%,-19.3%,54,-15.6%,-30.8%,101,-17.9%,-30.8%,19,9,3,100.6%,-1.8%,0.9%,Multi Family Home
"Seattle, WA metro area",July 2016,$480K,-3.3%,-1.4%,48,4.3%,-4.0%,57,5.6%,-10.9%,104,3.0%,-24.1%,26,7,7,98.7%,-1.9%,-1.9%,Multi Family Home
"Seattle, WA metro area",August 2016,$481K,0.2%,-12.6%,59,22.9%,11.3%,62,8.8%,5.1%,102,-1.9%,-28.7%,23,-3,10,98.4%,-0.3%,-2.2%,Multi Family Home
"Seattle, WA metro area",September 2016,$444K,-7.7%,19.4%,44,-25.4%,22.2%,58,-6.5%,13.7%,96,-5.9%,-29.9%,13,-10,-11,99.7%,1.2%,0.5%,Multi Family Home
"Seattle, WA metro area",October 2016,$593K,33.4%,35.9%,40,-9.1%,11.1%,41,-29.3%,17.1%,77,-19.8%,-37.4%,9,-4,-23,100.8%,1.2%,2.2%,Multi Family Home
"Seattle, WA metro area",November 2016,$585K,-1.3%,44.1%,46,15.0%,58.6%,27,-34.1%,-30.8%,59,-23.4%,-47.3%,17,8,4,99.0%,-1.8%,0.1%,Multi Family Home
"Seattle, WA metro area",December 2016,$560K,-4.3%,36.1%,39,-15.2%,-2.5%,19,-29.6%,46.2%,44,-25.4%,-49.4%,26,9,10,98.9%,-0.1%,1.2%,Multi Family Home
"Seattle, WA metro area",January 2017,$677K,20.9%,57.4%,27,-30.8%,-27.0%,50,163.2%,25.0%,56,27.3%,-36.4%,33,7,-20,99.0%,0.1%,2.1%,Multi Family Home
"Seattle, WA metro area",February 2017,$675K,-0.3%,98.5%,35,29.6%,40.0%,50,0.0%,2.0%,49,-12.5%,-44.3%,16,-17,-22,101.2%,2.2%,-0.9%,Multi Family Home
"Seattle, WA metro area",March 2017,$590K,-12.6%,31.1%,53,51.4%,12.8%,57,14.0%,-13.6%,49,0.0%,-50.0%,10,-6,-8,101.7%,0.5%,2.4%,Multi Family Home
"Seattle, WA metro area",April 2017,$550K,-6.8%,9.8%,47,-11.3%,14.6%,50,-12.3%,-38.3%,52,6.1%,-54.8%,13,3,-10,101.8%,0.1%,0.9%,Multi Family Home
"Seattle, WA metro area",May 2017,$526K,-4.4%,16.1%,54,14.9%,-14.3%,68,36.0%,6.3%,66,26.9%,-46.3%,8,-5,-2,101.6%,-0.2%,-0.7%,Multi Family Home
"Seattle, WA metro area",June 2017,$750K,42.6%,51.1%,55,1.9%,19.6%,70,2.9%,29.6%,66,0.0%,-34.7%,7,-1,-12,104.0%,2.4%,3.4%,Multi Family Home
"Seattle, WA metro area",July 2017,$514K,-31.5%,7.0%,44,-20.0%,-8.3%,46,-34.3%,-19.3%,71,7.6%,-31.7%,18,11,-8,102.3%,-1.8%,3.6%,Multi Family Home
"Seattle, WA metro area",August 2017,$646K,25.7%,34.3%,44,0.0%,-25.4%,63,37.0%,1.6%,72,1.4%,-29.4%,10,-8,-13,101.6%,-0.7%,3.2%,Multi Family Home
"Seattle, WA metro area",September 2017,$562K,-13.0%,26.6%,41,-6.8%,-6.8%,56,-11.1%,-3.4%,78,8.3%,-18.8%,13,3,0,102.6%,1.1%,3.0%,Multi Family Home
"Seattle, WA metro area",October 2017,$625K,11.2%,5.5%,48,17.1%,20.0%,60,7.1%,46.3%,76,-2.6%,-1.3%,14,1,5,102.2%,-0.5%,1.3%,Multi Family Home
"Seattle, WA metro area",November 2017,$553K,-11.5%,-5.5%,42,-12.5%,-8.7%,37,-38.3%,37.0%,58,-23.7%,-1.7%,26,12,9,99.4%,-2.8%,0.4%,Multi Family Home
"Seattle, WA metro area",December 2017,$650K,17.5%,16.1%,49,16.7%,25.6%,18,-51.4%,-5.3%,37,-36.2%,-15.9%,13,-13,-13,100.4%,1.0%,1.5%,Multi Family Home
"Seattle, WA metro area",January 2018,$682K,5.0%,0.8%,38,-22.4%,40.7%,43,138.9%,-14.0%,40,8.1%,-28.6%,21,8,-12,99.0%,-1.4%,0.0%,Multi Family Home
"Seattle, WA metro area",February 2018,$645K,-5.5%,-4.4%,35,-7.9%,0.0%,54,25.6%,8.0%,43,7.5%,-12.2%,10,-11,-6,101.0%,2.0%,-0.2%,Multi Family Home
"Seattle, WA metro area",March 2018,$545K,-15.5%,-7.7%,58,65.7%,9.4%,55,1.9%,-3.5%,39,-9.3%,-20.4%,8,-2,-2,103.1%,2.2%,1.4%,Multi Family Home
"Seattle, WA metro area",April 2018,$710K,30.3%,29.1%,48,-17.2%,2.1%,58,5.5%,16.0%,57,46.2%,9.6%,9,1,-4,100.8%,-2.3%,-1.0%,Multi Family Home
"Seattle, WA metro area",May 2018,$750K,5.6%,42.6%,42,-12.5%,-22.2%,94,62.1%,38.2%,85,49.1%,28.8%,9,0,1,103.3%,2.6%,1.7%,Multi Family Home
"Seattle, WA metro area",June 2018,$579K,-22.8%,-22.8%,56,33.3%,1.8%,72,-23.4%,2.9%,94,10.6%,42.4%,10,1,3,102.0%,-1.3%,-2.0%,Multi Family Home
"Seattle, WA metro area",July 2018,$645K,11.4%,25.6%,53,-5.4%,20.5%,64,-11.1%,39.1%,91,-3.2%,28.2%,12,2,-6,100.7%,-1.3%,-1.6%,Multi Family Home
"Seattle, WA metro area",August 2018,$655K,1.5%,1.4%,59,11.3%,34.1%,80,25.0%,27.0%,104,14.3%,44.4%,16,4,6,99.7%,-1.0%,-1.9%,Multi Family Home
"Seattle, WA metro area",September 2018,$660K,0.8%,17.4%,35,-40.7%,-14.6%,51,-36.3%,-8.9%,115,10.6%,47.4%,18,2,5,96.1%,-3.6%,-6.6%,Multi Family Home
"Seattle, WA metro area",October 2018,$740K,12.1%,18.4%,49,40.0%,2.1%,59,15.7%,-1.7%,111,-3.5%,46.1%,15,-3,1,96.8%,0.7%,-5.4%,Multi Family Home
"Seattle, WA metro area",November 2018,$655K,-11.5%,18.4%,37,-24.5%,-11.9%,29,-50.8%,-21.6%,92,-17.1%,58.6%,16,1,-10,98.3%,1.5%,-1.1%,Multi Family Home
"Seattle, WA metro area",December 2018,$654K,-0.1%,0.6%,25,-32.4%,-49.0%,21,-27.6%,16.7%,74,-19.6%,100.0%,39,23,26,97.9%,-0.4%,-2.6%,Multi Family Home
"Seattle, WA metro area",January 2019,$742K,13.5%,8.8%,35,40.0%,-7.9%,44,109.5%,2.3%,83,12.2%,107.5%,50,11,29,96.7%,-1.2%,-2.3%,Multi Family Home
"Seattle, WA metro area",February 2019,$609K,-18.0%,-5.7%,18,-48.6%,-48.6%,31,-29.5%,-42.6%,86,3.6%,100.0%,15,-35,5,99.5%,2.8%,-1.5%,Multi Family Home
"Seattle, WA metro area",March 2019,$521K,-14.4%,-4.4%,20,11.1%,-65.5%,50,61.3%,-9.1%,84,-2.3%,115.4%,11,-4,3,98.5%,-1.0%,-4.6%,Multi Family Home
"Seattle, WA metro area",April 2019,$728K,39.6%,2.5%,38,90.0%,-20.8%,54,8.0%,-6.9%,90,7.1%,57.9%,18,7,9,99.6%,1.1%,-1.2%,Multi Family Home
"Seattle, WA metro area",May 2019,$653K,-10.2%,-12.9%,41,7.9%,-2.4%,65,20.4%,-30.9%,109,21.1%,28.2%,33,15,24,97.9%,-1.7%,-5.5%,Multi Family Home
"Seattle, WA metro area",June 2019,$620K,-5.1%,7.1%,31,-24.4%,-44.6%,50,-23.1%,-30.6%,107,-1.8%,13.8%,12,-21,2,100.8%,2.9%,-1.2%,Multi Family Home
"Seattle, WA metro area",July 2019,$630K,1.6%,-2.3%,33,6.5%,-37.7%,47,-6.0%,-26.6%,107,0.0%,17.6%,28,16,16,98.2%,-2.6%,-2.5%,Multi Family Home
"Seattle, WA metro area",August 2019,$695K,10.3%,6.1%,26,-21.2%,-55.9%,36,-23.4%,-55.0%,94,-12.1%,-9.6%,13,-15,-3,97.8%,-0.4%,-2.0%,Multi Family Home
"Seattle, WA metro area",September 2019,$750K,7.9%,13.6%,39,50.0%,11.4%,56,55.6%,9.8%,95,1.1%,-17.4%,35,22,17,98.1%,0.4%,2.1%,Multi Family Home
"Seattle, WA metro area",October 2019,$700K,-6.7%,-5.4%,51,30.8%,4.1%,46,-17.9%,-22.0%,93,-2.1%,-16.2%,23,-12,8,98.9%,0.8%,2.1%,Multi Family Home
"Seattle, WA metro area",November 2019,$655K,-6.4%,0.0%,32,-37.3%,-13.5%,29,-37.0%,0.0%,75,-19.4%,-18.5%,46,23,30,96.9%,-2.0%,-1.4%,Multi Family Home
"Seattle, WA metro area",December 2019,$650K,-0.8%,-0.6%,37,15.6%,48.0%,13,-55.2%,-38.1%,58,-22.7%,-21.6%,27,-19,-12,98.0%,1.0%,0.1%,Multi Family Home
"Seattle, WA metro area",January 2020,$775K,19.2%,4.4%,29,-21.6%,-17.1%,36,176.9%,-18.2%,57,-1.7%,-31.3%,58,31,8,98.6%,0.7%,1.9%,Multi Family Home
"Seattle, WA metro area",February 2020,$759K,-2.1%,24.7%,37,27.6%,105.6%,42,16.7%,35.5%,53,-7.0%,-38.4%,13,-45,-2,100.5%,1.9%,1.0%,Multi Family Home
"Seattle, WA metro area",March 2020,$725K,-4.5%,39.2%,39,5.4%,95.0%,69,64.3%,38.0%,90,69.8%,7.1%,11,-2,0,102.0%,1.5%,3.5%,Multi Family Home
"Seattle, WA metro area",April 2020,$700K,-3.4%,-3.8%,21,-46.2%,-44.7%,43,-37.7%,-20.4%,103,14.4%,14.4%,5,-6,-13,98.0%,-4.0%,-1.6%,Multi Family Home
"Seattle, WA metro area",May 2020,$665K,-5.0%,1.8%,26,23.8%,-36.6%,43,0.0%,-33.8%,93,-9.7%,-14.7%,29,24,-4,98.3%,0.3%,0.4%,Multi Family Home
"Seattle, WA metro area",June 2020,$729K,9.6%,17.6%,31,19.2%,0.0%,61,41.9%,22.0%,100,7.5%,-6.5%,22,-7,10,99.0%,0.7%,-1.8%,Multi Family Home
"Seattle, WA metro area",July 2020,$760K,4.2%,20.6%,56,80.6%,69.7%,68,11.5%,44.7%,102,2.0%,-4.7%,9,-13,-19,100.1%,1.1%,1.9%,Multi Family Home
"Seattle, WA metro area",August 2020,$730K,-3.9%,5.0%,47,-16.1%,80.8%,85,25.0%,136.1%,118,15.7%,25.5%,14,5,1,99.5%,-0.6%,1.7%,Multi Family Home
"Seattle, WA metro area",September 2020,$775K,6.2%,3.3%,55,17.0%,41.0%,76,-10.6%,35.7%,127,7.6%,33.7%,10,-4,-25,99.1%,-0.4%,1.0%,Multi Family Home
"Seattle, WA metro area",October 2020,$696K,-10.2%,-0.5%,50,-9.1%,-2.0%,72,-5.3%,56.5%,122,-3.9%,31.2%,14,4,-9,99.1%,0.0%,0.2%,Multi Family Home
"Seattle, WA metro area",November 2020,$730K,4.8%,11.5%,40,-20.0%,25.0%,46,-36.1%,58.6%,103,-15.6%,37.3%,8,-6,-38,99.6%,0.5%,2.7%,Multi Family Home
"Seattle, WA metro area",December 2020,$780K,6.8%,20.0%,49,22.5%,32.4%,49,6.5%,276.9%,76,-26.2%,31.0%,31,23,4,98.9%,-0.7%,1.0%,Multi Family Home
"Seattle, WA metro area",January 2021,$654K,-16.2%,-15.7%,44,-10.2%,51.7%,43,-12.2%,19.4%,66,-13.2%,15.8%,14,-17,-44,100.0%,1.0%,1.4%,Multi Family Home
"Seattle, WA metro area",February 2021,$800K,22.4%,5.4%,43,-2.3%,16.2%,61,41.9%,45.2%,72,9.1%,35.8%,19,5,6,100.5%,0.5%,0.0%,Multi Family Home
"Seattle, WA metro area",March 2021,$865K,8.1%,19.3%,61,41.9%,56.4%,87,42.6%,26.1%,76,5.6%,-15.6%,8,-11,-3,101.5%,1.0%,-0.5%,Multi Family Home
"Seattle, WA metro area",April 2021,$839K,-3.0%,19.9%,75,23.0%,257.1%,72,-17.2%,67.4%,78,2.6%,-24.3%,8,0,3,100.8%,-0.6%,2.9%,Multi Family Home
"Seattle, WA metro area",May 2021,$840K,0.1%,26.3%,64,-14.7%,146.2%,95,31.9%,120.9%,92,17.9%,-1.1%,8,0,-21,101.4%,0.5%,3.1%,Multi Family Home
"Seattle, WA metro area",June 2021,$838K,-0.3%,14.9%,57,-10.9%,83.9%,93,-2.1%,52.5%,99,7.6%,-1.0%,8,0,-14,102.9%,1.5%,3.9%,Multi Family Home
"Seattle, WA metro area",July 2021,$830K,-0.9%,9.3%,71,24.6%,26.8%,77,-17.2%,13.2%,110,11.1%,7.8%,7,-1,-2,102.3%,-0.5%,2.3%,Multi Family Home
"Seattle, WA metro area",August 2021,$850K,2.4%,16.4%,53,-25.4%,12.8%,75,-2.6%,-11.8%,102,-7.3%,-13.6%,16,9,2,100.6%,-1.8%,1.1%,Multi Family Home
"Seattle, WA metro area",September 2021,$850K,0.0%,9.7%,78,47.2%,41.8%,93,24.0%,22.4%,102,0.0%,-19.7%,12,-4,2,101.2%,0.7%,2.1%,Multi Family Home
"Seattle, WA metro area",October 2021,$930K,9.4%,33.6%,65,-16.7%,30.0%,67,-28.0%,-6.9%,78,-23.5%,-36.1%,22,10,8,100.6%,-0.6%,1.5%,Multi Family Home
"Seattle, WA metro area",November 2021,$930K,0.0%,27.4%,73,12.3%,82.5%,50,-25.4%,8.7%,62,-20.5%,-39.8%,9,-13,1,101.2%,0.6%,1.6%,Multi Family Home
"Seattle, WA metro area",December 2021,$950K,2.2%,21.8%,65,-11.0%,32.7%,25,-50.0%,-49.0%,38,-38.7%,-50.0%,16,7,-15,100.1%,-1.1%,1.1%,Multi Family Home
"Seattle, WA metro area",January 2022,"$1,035K",8.9%,58.4%,42,-35.4%,-4.5%,45,80.0%,4.7%,41,7.9%,-37.9%,24,8,10,100.0%,0.0%,0.1%,Multi Family Home
"Seattle, WA metro area",February 2022,$950K,-8.2%,18.8%,33,-21.4%,-23.3%,67,48.9%,9.8%,59,43.9%,-18.1%,11,-13,-8,103.0%,3.0%,2.6%,Multi Family Home
"Seattle, WA metro area",March 2022,"$1,038K",9.2%,19.9%,58,75.8%,-4.9%,88,31.3%,1.1%,64,8.5%,-15.8%,7,-4,-1,104.6%,1.6%,3.2%,Multi Family Home
"Seattle, WA metro area",April 2022,$873K,-15.9%,4.0%,56,-3.4%,-25.3%,76,-13.6%,5.6%,84,31.3%,7.7%,7,0,-1,103.7%,-0.9%,2.9%,Multi Family Home
"Seattle, WA metro area",May 2022,"$1,000K",14.6%,19.0%,55,-1.8%,-14.1%,82,7.9%,-13.7%,113,34.5%,22.8%,10,3,2,102.0%,-1.7%,0.7%,Multi Family Home
"Seattle, WA metro area",June 2022,$908K,-9.3%,8.4%,52,-5.5%,-8.8%,72,-12.2%,-22.6%,133,17.7%,34.3%,12,2,4,99.6%,-2.4%,-3.2%,Multi Family Home
"Seattle, WA metro area",July 2022,$945K,4.1%,13.9%,33,-36.5%,-53.5%,50,-30.6%,-35.1%,121,-9.0%,10.0%,9,-3,2,99.7%,0.1%,-2.6%,Multi Family Home
"Seattle, WA metro area",August 2022,$958K,1.3%,12.6%,28,-15.2%,-47.2%,41,-18.0%,-45.3%,106,-12.4%,3.9%,13,4,-3,97.3%,-2.4%,-3.2%,Multi Family Home
"Seattle, WA metro area",September 2022,$760K,-20.6%,-10.6%,44,57.1%,-43.6%,54,31.7%,-41.9%,118,11.3%,15.7%,37,24,25,97.5%,0.2%,-3.7%,Multi Family Home
"Seattle, WA metro area",October 2022,$990K,30.3%,6.5%,30,-31.8%,-53.8%,24,-55.6%,-64.2%,94,-20.3%,20.5%,21,-16,-1,96.6%,-0.9%,-4.0%,Multi Family Home
"Seattle, WA metro area",November 2022,$950K,-4.0%,2.2%,19,-36.7%,-74.0%,19,-20.8%,-62.0%,76,-19.1%,22.6%,42,21,33,95.2%,-1.4%,-6.0%,Multi Family Home
"Seattle, WA metro area",December 2022,$838K,-11.8%,-11.8%,22,15.8%,-66.2%,12,-36.8%,-52.0%,62,-18.4%,63.2%,30,-12,14,95.9%,0.7%,-4.2%,Multi Family Home
"Seattle, WA metro area",January 2023,$799K,-4.6%,-22.8%,7,-68.2%,-83.3%,24,100.0%,-46.7%,57,-8.1%,39.0%,89,59,65,96.0%,0.1%,-4.0%,Multi Family Home
"Seattle, WA metro area",February 2023,$912K,14.1%,-4.0%,13,85.7%,-60.6%,24,0.0%,-64.2%,50,-12.3%,-15.3%,26,-63,15,95.7%,-0.3%,-7.3%,Multi Family Home
